date,ticker,open,high,low,close,volume,amount,pct_change
2021-01-04,000300.SH,5212.93,5284.43,5190.94,5267.72,211711383,452796174336.0,1.08
2021-01-05,000300.SH,5245.84,5368.5,5234.38,5368.5,224931159,498041937920.0,1.91
2021-01-06,000300.SH,5386.51,5433.47,5341.43,5417.67,193773445,444434378752.0,0.92
2021-01-07,000300.SH,5428.39,5513.66,5413.35,5513.66,219872079,473385353216.0,1.77
2021-01-08,000300.SH,5526.29,5547.47,5442.69,5495.43,204324956,473567653888.0,-0.33
2021-01-11,000300.SH,5504.24,5555.69,5412.5,5441.16,231835983,522298482688.0,-0.99
2021-01-12,000300.SH,5419.5,5596.35,5417.63,5596.35,224220186,486233759744.0,2.85
2021-01-13,000300.SH,5609.26,5644.72,5535.14,5577.97,261569887,546959736832.0,-0.33
2021-01-14,000300.SH,5556.21,5568.02,5458.68,5470.46,243683379,501890113536.0,-1.93
2021-01-15,000300.SH,5471.39,5500.63,5390.27,5458.08,238637435,475709919232.0,-0.23
2021-01-18,000300.SH,5438.16,5541.46,5410.78,5518.52,207051868,422717210624.0,1.11
2021-01-19,000300.SH,5525.97,5532.48,5415.72,5437.52,211043425,433205178368.0,-1.47
2021-01-20,000300.SH,5439.91,5496.05,5426.54,5476.43,170913260,373770383360.0,0.72
2021-01-21,000300.SH,5492.96,5593.11,5490.56,5564.97,209950198,453183684608.0,1.62
2021-01-22,000300.SH,5562.38,5573.66,5513.88,5569.78,199300019,456622194688.0,0.09
2021-01-25,000300.SH,5564.12,5655.48,5543.27,5625.92,197047020,508166979584.0,1.01
2021-01-26,000300.SH,5600.9,5600.9,5506.0,5512.97,171904591,415008071680.0,-2.01
2021-01-27,000300.SH,5505.77,5534.99,5449.64,5528.0,160190840,376892604416.0,0.27
2021-01-28,000300.SH,5450.37,5462.24,5360.38,5377.14,170485586,376166522880.0,-2.73
2021-01-29,000300.SH,5413.97,5430.2,5288.1,5351.96,182178785,390287691776.0,-0.47
2021-02-01,000300.SH,5356.85,5422.3,5342.05,5417.65,166313705,346859085824.0,1.23
2021-02-02,000300.SH,5429.7,5503.21,5411.52,5501.09,165210565,380016717824.0,1.54
2021-02-03,000300.SH,5499.3,5532.89,5473.12,5485.2,188054318,404343603200.0,-0.29
2021-02-04,000300.SH,5453.98,5510.05,5411.57,5473.95,180575654,397995204608.0,-0.21
2021-02-05,000300.SH,5494.7,5550.77,5477.65,5483.41,189699599,395400134656.0,0.17
2021-02-08,000300.SH,5506.14,5576.49,5479.85,5564.56,164033774,367582773248.0,1.48
2021-02-09,000300.SH,5584.17,5686.25,5555.05,5686.25,164887260,378769121280.0,2.19
2021-02-10,000300.SH,5709.68,5823.42,5707.33,5807.72,170169787,417056464896.0,2.14
2021-02-18,000300.SH,5922.07,5930.91,5747.66,5768.38,218848686,507481235456.0,-0.68
2021-02-19,000300.SH,5734.02,5787.89,5667.32,5778.84,214475781,456433795072.0,0.18
2021-02-22,000300.SH,5785.51,5785.51,5597.33,5597.33,282124383,543633154048.0,-3.14
2021-02-23,000300.SH,5542.68,5644.76,5541.11,5579.67,233807726,424904470528.0,-0.32
2021-02-24,000300.SH,5591.48,5598.83,5379.73,5437.57,225428611,472369209344.0,-2.55
2021-02-25,000300.SH,5494.47,5527.63,5444.16,5469.56,230736028,412206157824.0,0.59
2021-02-26,000300.SH,5343.9,5416.32,5318.86,5336.76,212264543,405717700608.0,-2.43
2021-03-01,000300.SH,5389.25,5421.56,5345.94,5418.78,177463524,358146547712.0,1.54
2021-03-02,000300.SH,5453.28,5454.97,5305.05,5349.63,196511114,376444604416.0,-1.28
2021-03-03,000300.SH,5327.35,5452.4,5316.48,5452.21,194709053,337610313728.0,1.92
2021-03-04,000300.SH,5388.48,5392.37,5254.78,5280.71,212775212,384382455808.0,-3.15
2021-03-05,000300.SH,5191.97,5307.82,5174.25,5262.8,202627955,352539774976.0,-0.34
2021-03-08,000300.SH,5299.79,5326.26,5079.8,5080.02,230231634,407133802496.0,-3.47
2021-03-09,000300.SH,5066.15,5094.31,4917.91,4971.0,230711004,414415212544.0,-2.15
2021-03-10,000300.SH,5047.06,5055.28,4981.62,5003.61,169928489,309577408512.0,0.66
2021-03-11,000300.SH,5024.56,5138.41,5020.58,5128.22,189600765,333859201024.0,2.49
2021-03-12,000300.SH,5153.67,5153.67,5086.82,5146.38,201020590,323237752832.0,0.35
2021-03-15,000300.SH,5116.12,5120.88,4992.4,5035.54,204153083,330740514816.0,-2.15
2021-03-16,000300.SH,5054.41,5084.31,5009.95,5079.36,161390054,271755046912.0,0.87
2021-03-17,000300.SH,5062.77,5123.55,5020.13,5100.86,149162376,263492419584.0,0.42
2021-03-18,000300.SH,5114.59,5160.46,5111.13,5141.77,142901519,260930048000.0,0.8
2021-03-19,000300.SH,5068.53,5089.92,4980.76,5007.09,164174848,282974490624.0,-2.62
2021-03-22,000300.SH,5008.4,5071.34,4996.54,5057.15,167402632,264209100800.0,1.0
2021-03-23,000300.SH,5057.06,5064.02,4966.53,5009.25,158013967,255755378688.0,-0.95
2021-03-24,000300.SH,4985.4,5024.33,4919.89,4928.69,159385981,265970020352.0,-1.61
2021-03-25,000300.SH,4904.07,4950.76,4883.66,4926.35,132945188,219782049792.0,-0.05
2021-03-26,000300.SH,4953.95,5050.83,4953.95,5037.99,145926697,273901924352.0,2.27
2021-03-29,000300.SH,5052.26,5086.65,5010.39,5046.88,143388216,266176602112.0,0.18
2021-03-30,000300.SH,5043.1,5106.04,5032.8,5094.73,138618560,254928015360.0,0.95
2021-03-31,000300.SH,5085.95,5085.95,5015.61,5048.36,141335744,241058484224.0,-0.91
2021-04-01,000300.SH,5059.94,5115.43,5056.87,5110.78,120324890,211493322752.0,1.24
2021-04-02,000300.SH,5129.85,5169.83,5116.35,5161.56,127002255,248060375040.0,0.99
2021-04-06,000300.SH,5178.64,5181.15,5125.33,5140.34,109834209,213852442624.0,-0.41
2021-04-07,000300.SH,5141.66,5141.66,5065.19,5103.74,145763748,246271188992.0,-0.71
2021-04-08,000300.SH,5078.26,5129.13,5062.07,5112.21,141771046,228422004736.0,0.17
2021-04-09,000300.SH,5100.04,5100.04,5022.09,5035.34,128416509,221519790080.0,-1.5
2021-04-12,000300.SH,5026.98,5045.6,4933.01,4947.75,152644314,267218194432.0,-1.74
2021-04-13,000300.SH,4949.81,4994.54,4924.2,4939.64,132919357,225753231360.0,-0.16
2021-04-14,000300.SH,4945.69,4987.12,4940.27,4980.63,120860838,221036277760.0,0.83
2021-04-15,000300.SH,4969.91,4969.91,4900.3,4948.97,108829384,213820882944.0,-0.64
2021-04-16,000300.SH,4966.9,4979.17,4917.96,4966.18,111239923,213389172736.0,0.35
2021-04-19,000300.SH,4966.41,5088.21,4940.75,5087.02,154769825,307899777024.0,2.43
2021-04-20,000300.SH,5065.78,5119.86,5058.92,5083.37,136541701,276640587776.0,-0.07
2021-04-21,000300.SH,5055.24,5110.56,5047.99,5098.74,124637276,242574995456.0,0.3
2021-04-22,000300.SH,5114.28,5119.22,5067.14,5089.24,121167644,241488846848.0,-0.19
2021-04-23,000300.SH,5088.83,5149.98,5086.49,5135.45,122056991,264345182208.0,0.91
2021-04-26,000300.SH,5156.59,5181.11,5072.96,5077.24,151381967,325760385024.0,-1.13
2021-04-27,000300.SH,5076.64,5095.98,5042.61,5090.52,123961838,254738010112.0,0.26
2021-04-28,000300.SH,5073.97,5119.45,5059.26,5119.24,120620319,272182521856.0,0.56
2021-04-29,000300.SH,5128.28,5170.59,5113.65,5164.17,140092480,294112452608.0,0.88
2021-04-30,000300.SH,5156.36,5163.25,5094.93,5123.49,160121620,315075104768.0,-0.79
2021-05-06,000300.SH,5098.8,5132.9,5037.41,5061.12,158822630,323258265600.0,-1.22
2021-05-07,000300.SH,5073.46,5093.75,4996.04,4996.05,172258322,304638402560.0,-1.29
2021-05-10,000300.SH,5001.44,5019.39,4953.7,4992.42,170820585,282656808960.0,-0.07
2021-05-11,000300.SH,4956.08,5033.49,4925.92,5023.06,151526497,270931615744.0,0.61
2021-05-12,000300.SH,5003.82,5051.17,4995.4,5044.55,126619087,228344004608.0,0.43
2021-05-13,000300.SH,4992.35,5022.08,4975.45,4992.97,132279406,237821403136.0,-1.02
2021-05-14,000300.SH,5007.63,5112.98,4981.29,5110.59,159426181,318802788352.0,2.36
2021-05-17,000300.SH,5115.31,5206.69,5115.31,5184.99,153889633,335439912960.0,1.46
2021-05-18,000300.SH,5190.93,5201.67,5156.79,5187.6,118404260,238182264832.0,0.05
2021-05-19,000300.SH,5173.17,5193.56,5151.64,5172.27,118729984,250736279552.0,-0.3
2021-05-20,000300.SH,5167.05,5201.59,5152.04,5186.41,138454776,277088460800.0,0.27
2021-05-21,000300.SH,5199.13,5216.16,5123.12,5134.15,124768484,268053626880.0,-1.01
2021-05-24,000300.SH,5138.81,5155.59,5092.39,5155.59,126742336,278513131520.0,0.42
2021-05-25,000300.SH,5165.04,5324.36,5161.52,5318.48,182996838,404683304960.0,3.16
2021-05-26,000300.SH,5326.12,5344.28,5308.74,5320.59,169607096,346444644352.0,0.04
2021-05-27,000300.SH,5311.37,5378.48,5286.05,5338.23,148462856,311893704704.0,0.33
2021-05-28,000300.SH,5338.73,5360.28,5288.65,5321.09,164605806,330711896064.0,-0.32
2021-05-31,000300.SH,5318.08,5331.63,5281.69,5331.57,144603269,321450799104.0,0.2
2021-06-01,000300.SH,5320.47,5343.75,5269.26,5341.68,143831475,321845841920.0,0.19
2021-06-02,000300.SH,5348.34,5352.64,5266.79,5289.97,137754319,296176177152.0,-0.97
2021-06-03,000300.SH,5285.71,5314.37,5255.07,5255.29,141968878,285448634368.0,-0.66
2021-06-04,000300.SH,5228.28,5334.49,5221.23,5282.28,144732088,292326047744.0,0.51
2021-06-07,000300.SH,5284.89,5286.84,5242.95,5277.63,127704970,280463261696.0,-0.09
2021-06-08,000300.SH,5276.97,5319.04,5201.14,5232.12,130559532,304042217472.0,-0.86
2021-06-09,000300.SH,5224.95,5253.36,5215.35,5236.45,121820321,255075450880.0,0.08
2021-06-10,000300.SH,5236.47,5299.53,5229.52,5271.47,138991967,301454336000.0,0.67
2021-06-11,000300.SH,5275.75,5276.1,5213.6,5224.7,180807173,365363494912.0,-0.89
2021-06-15,000300.SH,5218.56,5225.5,5137.41,5166.56,142880059,330616619008.0,-1.11
2021-06-16,000300.SH,5163.25,5164.52,5076.02,5080.49,125147986,298286772224.0,-1.67
2021-06-17,000300.SH,5074.38,5123.37,5073.82,5101.89,120452518,281927282688.0,0.42
2021-06-18,000300.SH,5104.93,5128.03,5064.92,5102.47,148585805,356697096192.0,0.01
2021-06-21,000300.SH,5088.09,5123.78,5058.57,5090.39,132184517,331527114752.0,-0.24
2021-06-22,000300.SH,5106.07,5125.82,5086.28,5122.16,130416753,313690365952.0,0.62
2021-06-23,000300.SH,5127.19,5171.03,5109.76,5147.39,136356058,358765666304.0,0.49
2021-06-24,000300.SH,5156.56,5160.43,5120.58,5155.97,126685624,312607424512.0,0.17
2021-06-25,000300.SH,5159.8,5251.61,5157.48,5239.97,154931062,368265641984.0,1.63
2021-06-28,000300.SH,5253.61,5260.64,5226.22,5251.76,133193784,337452773376.0,0.23
2021-06-29,000300.SH,5248.52,5248.52,5182.68,5190.54,125162998,314896842752.0,-1.17
2021-06-30,000300.SH,5189.38,5231.43,5186.63,5224.04,103752671,281015504896.0,0.65
2021-07-01,000300.SH,5241.2,5252.26,5190.88,5229.66,127240620,324097400832.0,0.11
2021-07-02,000300.SH,5186.66,5186.66,5074.36,5081.12,130426424,342578962432.0,-2.84
2021-07-05,000300.SH,5073.78,5098.23,5048.0,5085.79,131211589,335197786112.0,0.09
2021-07-06,000300.SH,5089.78,5092.21,5028.51,5083.1,140655219,362828902400.0,-0.05
2021-07-07,000300.SH,5052.42,5152.77,5045.41,5140.49,148549061,336731402240.0,1.13
2021-07-08,000300.SH,5149.31,5151.22,5078.93,5088.26,173901007,397879869440.0,-1.02
2021-07-09,000300.SH,5063.15,5081.41,5006.41,5069.44,160653225,352845582336.0,-0.37
2021-07-12,000300.SH,5108.38,5159.41,5070.32,5132.71,206212040,437203144704.0,1.25
2021-07-13,000300.SH,5128.61,5154.05,5114.94,5142.1,166482209,361328492544.0,0.18
2021-07-14,000300.SH,5130.75,5130.75,5075.13,5083.08,188352719,372568109056.0,-1.15
2021-07-15,000300.SH,5073.26,5153.81,5067.68,5151.46,181077102,372484079616.0,1.35
2021-07-16,000300.SH,5140.9,5140.9,5090.63,5094.77,169955983,362594258944.0,-1.1
2021-07-19,000300.SH,5083.73,5120.82,5047.62,5113.49,153199588,340322623488.0,0.37
2021-07-20,000300.SH,5080.22,5114.0,5067.86,5108.99,129300045,283543130112.0,-0.09
2021-07-21,000300.SH,5122.78,5160.54,5122.3,5144.04,167976468,390275518464.0,0.69
2021-07-22,000300.SH,5150.39,5171.21,5137.88,5151.75,185556864,418221654016.0,0.15
2021-07-23,000300.SH,5145.43,5145.43,5080.0,5089.23,216536847,435521171456.0,-1.21
2021-07-26,000300.SH,5067.31,5067.31,4859.6,4925.3,228111711,495153655808.0,-3.22
2021-07-27,000300.SH,4924.28,4940.86,4749.03,4751.31,236631224,521146118144.0,-3.53
2021-07-28,000300.SH,4714.29,4785.66,4663.9,4760.48,192634394,419706155008.0,0.19
2021-07-29,000300.SH,4845.76,4857.97,4800.01,4850.27,173322053,415676121088.0,1.89
2021-07-30,000300.SH,4825.7,4825.7,4761.04,4811.17,182349775,420943933440.0,-0.81
2021-08-02,000300.SH,4794.82,4938.82,4761.46,4933.74,227194918,524659449856.0,2.55
2021-08-03,000300.SH,4909.23,4957.03,4890.85,4934.46,203533361,471194128384.0,0.01
2021-08-04,000300.SH,4927.74,4979.29,4919.66,4978.85,175466460,425801408512.0,0.9
2021-08-05,000300.SH,4946.17,4997.14,4921.94,4948.67,167381829,398772207616.0,-0.61
2021-08-06,000300.SH,4943.04,4944.35,4891.8,4921.56,154179689,371773603840.0,-0.55
2021-08-09,000300.SH,4890.26,5002.89,4884.04,4985.56,182436872,408897064960.0,1.3
2021-08-10,000300.SH,4977.82,5043.76,4941.24,5043.15,167051901,410098757632.0,1.16
2021-08-11,000300.SH,5037.08,5059.79,5009.98,5015.34,182266074,373386346496.0,-0.55
2021-08-12,000300.SH,4998.07,5016.26,4962.99,4973.35,168223734,361828380672.0,-0.84
2021-08-13,000300.SH,4958.76,4993.74,4921.28,4945.98,158314322,352459067392.0,-0.55
2021-08-16,000300.SH,4935.92,4973.38,4931.37,4941.07,161953372,340735119360.0,-0.1
2021-08-17,000300.SH,4935.0,4967.56,4823.39,4837.4,187573473,388457132032.0,-2.1
2021-08-18,000300.SH,4838.47,4909.54,4818.9,4894.24,197474378,395792166912.0,1.18
2021-08-19,000300.SH,4886.56,4893.47,4839.57,4862.14,201711718,397424963584.0,-0.66
2021-08-20,000300.SH,4817.49,4835.15,4720.83,4769.27,177635809,404938035200.0,-1.91
2021-08-23,000300.SH,4777.73,4843.82,4764.01,4835.88,167579092,389599125504.0,1.4
2021-08-24,000300.SH,4844.59,4906.2,4842.75,4888.39,197883164,417481424896.0,1.09
2021-08-25,000300.SH,4890.52,4899.77,4865.76,4898.16,189448015,371868196864.0,0.2
2021-08-26,000300.SH,4892.2,4892.2,4798.7,4801.61,197617388,368987717632.0,-1.97
2021-08-27,000300.SH,4794.97,4863.47,4793.59,4827.04,183310211,368421408768.0,0.53
2021-08-30,000300.SH,4847.03,4849.16,4787.2,4813.27,219635758,477182070784.0,-0.29
2021-08-31,000300.SH,4803.09,4821.76,4740.75,4805.61,235118659,460805652480.0,-0.16
2021-09-01,000300.SH,4804.69,4906.4,4763.3,4869.46,326721080,568819748864.0,1.33
2021-09-02,000300.SH,4865.82,4892.7,4845.62,4869.41,267858012,465954131968.0,0.0
2021-09-03,000300.SH,4875.07,4886.55,4828.7,4843.06,268091896,466430119936.0,-0.54
2021-09-06,000300.SH,4841.06,4944.45,4837.79,4933.73,240507246,452756275200.0,1.87
2021-09-07,000300.SH,4932.98,5005.96,4915.61,4992.83,244178519,417759637504.0,1.2
2021-09-08,000300.SH,4986.8,5013.98,4955.89,4972.13,264615314,428591079424.0,-0.41
2021-09-09,000300.SH,4952.49,4970.15,4929.95,4970.01,256530217,401675689984.0,-0.04
2021-09-10,000300.SH,4967.98,5042.8,4962.37,5013.52,288304353,472762531840.0,0.88
2021-09-13,000300.SH,5006.77,5029.72,4964.96,4991.66,249915297,433329627136.0,-0.44
2021-09-14,000300.SH,4989.83,5000.98,4907.32,4917.16,245590403,417245831168.0,-1.49
2021-09-15,000300.SH,4903.85,4903.85,4843.12,4867.32,187984730,363256655872.0,-1.01
2021-09-16,000300.SH,4866.79,4879.53,4806.14,4807.7,216752100,393517268992.0,-1.22
2021-09-17,000300.SH,4797.11,4857.96,4786.09,4855.94,201958126,360397418496.0,1.0
2021-09-22,000300.SH,4770.73,4830.85,4765.23,4821.77,191220375,311952990208.0,-0.7
2021-09-23,000300.SH,4848.22,4877.34,4837.56,4853.2,228151063,362140917760.0,0.65
2021-09-24,000300.SH,4845.64,4897.06,4838.54,4849.43,207693289,361849454592.0,-0.08
2021-09-27,000300.SH,4870.85,4922.56,4852.2,4877.37,215967030,426083024896.0,0.58
2021-09-28,000300.SH,4869.08,4901.31,4846.63,4883.83,176890880,321272193024.0,0.13
2021-09-29,000300.SH,4846.02,4868.07,4799.88,4833.93,188171366,331841769472.0,-1.02
2021-09-30,000300.SH,4843.95,4876.07,4843.95,4866.38,146113897,283254685696.0,0.67
2021-10-08,000300.SH,4915.73,4937.09,4891.62,4929.94,168968077,343635836928.0,1.31
2021-10-11,000300.SH,4941.29,4983.73,4930.71,4936.19,163511624,315186323456.0,0.13
2021-10-12,000300.SH,4920.66,4925.49,4840.77,4883.84,168079337,299424239616.0,-1.06
2021-10-13,000300.SH,4880.14,4953.37,4869.83,4940.11,131142812,280044666880.0,1.15
2021-10-14,000300.SH,4934.26,4953.92,4903.25,4913.61,119557012,249151668224.0,-0.54
2021-10-15,000300.SH,4896.56,4939.82,4881.01,4932.11,142822001,300728492032.0,0.38
2021-10-18,000300.SH,4922.51,4922.51,4844.94,4874.78,141245199,302539444224.0,-1.16
2021-10-19,000300.SH,4869.39,4928.14,4868.81,4922.72,135266493,282928242688.0,0.98
2021-10-20,000300.SH,4926.77,4944.02,4898.37,4910.18,141533184,279747731456.0,-0.25
2021-10-21,000300.SH,4914.74,4946.18,4893.85,4928.02,148898153,274802962432.0,0.36
2021-10-22,000300.SH,4934.87,4989.89,4934.87,4959.73,143926228,289252614144.0,0.64
2021-10-25,000300.SH,4940.9,4981.65,4930.11,4979.52,141861491,299408232448.0,0.4
2021-10-26,000300.SH,4983.24,5002.57,4953.48,4963.1,140888942,301786230784.0,-0.33
2021-10-27,000300.SH,4949.23,4949.23,4884.94,4898.16,147111593,299460468736.0,-1.31
2021-10-28,000300.SH,4882.59,4898.66,4846.28,4864.14,156649472,316631711744.0,-0.69
2021-10-29,000300.SH,4861.27,4908.77,4855.76,4908.77,159887352,368731987968.0,0.92
2021-11-01,000300.SH,4878.13,4908.21,4858.25,4890.69,171583974,379730767872.0,-0.37
2021-11-02,000300.SH,4886.18,4911.23,4797.9,4839.85,185437688,385731878912.0,-1.04
2021-11-03,000300.SH,4835.81,4858.71,4804.37,4821.11,142763820,302269935616.0,-0.39
2021-11-04,000300.SH,4841.09,4873.94,4834.74,4868.74,132592970,308688056320.0,0.99
2021-11-05,000300.SH,4858.9,4889.68,4841.74,4842.35,147789358,312070840320.0,-0.54
2021-11-08,000300.SH,4841.15,4866.08,4827.69,4848.18,137398264,295893823488.0,0.12
2021-11-09,000300.SH,4858.25,4870.79,4818.54,4846.74,118375526,261645066240.0,-0.03
2021-11-10,000300.SH,4832.8,4832.8,4754.0,4821.19,135118180,301058965504.0,-0.53
2021-11-11,000300.SH,4814.77,4898.65,4809.11,4898.65,160484864,323624628224.0,1.61
2021-11-12,000300.SH,4902.93,4909.08,4875.35,4888.37,132662968,271773245440.0,-0.21
2021-11-15,000300.SH,4894.41,4906.33,4863.4,4882.38,121823150,272997748736.0,-0.12
2021-11-16,000300.SH,4880.9,4915.37,4876.5,4883.32,127254405,284094590976.0,0.02
2021-11-17,000300.SH,4883.25,4891.52,4864.52,4885.75,108459223,246177918976.0,0.05
2021-11-18,000300.SH,4871.42,4871.42,4830.41,4837.62,114480566,244484714496.0,-0.99
2021-11-19,000300.SH,4832.06,4892.81,4829.57,4890.06,127198313,266280681472.0,1.08
2021-11-22,000300.SH,4895.39,4919.0,4893.27,4912.4,138092836,316148809728.0,0.46
2021-11-23,000300.SH,4905.76,4927.52,4896.88,4913.35,154304412,301022146560.0,0.02
2021-11-24,000300.SH,4914.03,4935.49,4899.61,4916.66,137150674,289707339776.0,0.07
2021-11-25,000300.SH,4917.61,4921.33,4891.73,4896.44,115984031,255450992640.0,-0.41
2021-11-26,000300.SH,4886.95,4886.95,4850.81,4860.13,120368975,243041337344.0,-0.74
2021-11-29,000300.SH,4820.01,4858.53,4818.71,4851.42,133626862,285995220992.0,-0.18
2021-11-30,000300.SH,4857.18,4871.25,4810.22,4832.03,129630597,279268233216.0,-0.4
2021-12-01,000300.SH,4831.89,4844.52,4823.93,4843.85,123086789,255968911360.0,0.24
2021-12-02,000300.SH,4839.91,4866.85,4830.32,4856.16,148088522,278051725312.0,0.25
2021-12-03,000300.SH,4856.98,4901.02,4853.35,4901.02,144059625,300052697088.0,0.92
2021-12-06,000300.SH,4909.43,4943.9,4888.69,4892.62,173615683,333405790208.0,-0.17
2021-12-07,000300.SH,4930.83,4934.1,4895.22,4922.1,179053460,340617764864.0,0.6
2021-12-08,000300.SH,4934.41,4995.93,4915.79,4995.93,157490560,329064833024.0,1.5
2021-12-09,000300.SH,5000.69,5114.5,4999.41,5078.69,220568776,425680957440.0,1.66
2021-12-10,000300.SH,5046.27,5060.06,5035.81,5055.12,193695155,356917624832.0,-0.46
2021-12-13,000300.SH,5090.02,5143.84,5079.73,5083.8,211801595,426376531968.0,0.57
2021-12-14,000300.SH,5066.35,5075.21,5038.86,5049.7,159107791,318685536256.0,-0.67
2021-12-15,000300.SH,5036.28,5060.37,5003.78,5005.9,150529751,291072569344.0,-0.87
2021-12-16,000300.SH,5006.61,5034.73,4987.22,5034.73,144053868,291474767872.0,0.58
2021-12-17,000300.SH,5021.34,5022.11,4954.76,4954.76,149005399,297943310336.0,-1.59
2021-12-20,000300.SH,4934.97,4971.67,4872.68,4880.42,169675689,317536919552.0,-1.5
2021-12-21,000300.SH,4876.51,4917.8,4872.95,4913.49,143339899,259023175680.0,0.68
2021-12-22,000300.SH,4924.58,4936.67,4903.17,4914.45,133256740,244642451456.0,0.02
2021-12-23,000300.SH,4924.29,4948.74,4906.75,4948.74,139555407,263359754240.0,0.7
2021-12-24,000300.SH,4953.06,4964.91,4905.98,4921.34,142673324,290483662848.0,-0.55
2021-12-27,000300.SH,4918.15,4939.69,4894.16,4919.32,124100951,254421524480.0,-0.04
2021-12-28,000300.SH,4923.69,4959.14,4913.6,4955.96,130457756,276316733440.0,0.74
2021-12-29,000300.SH,4958.65,4958.65,4883.48,4883.48,113587003,273225465856.0,-1.46
2021-12-30,000300.SH,4882.16,4940.18,4878.65,4921.51,121617178,268022476800.0,0.78
2021-12-31,000300.SH,4937.46,4950.36,4923.14,4940.37,121313738,266975387648.0,0.38
2022-01-04,000300.SH,4957.98,4961.45,4874.53,4917.77,151534776,336516960256.0,-0.46
2022-01-05,000300.SH,4907.93,4916.28,4851.98,4868.12,178816100,363944529920.0,-1.01
2022-01-06,000300.SH,4842.16,4857.56,4786.43,4818.23,157665825,321750077440.0,-1.02
2022-01-07,000300.SH,4824.32,4856.65,4818.19,4822.37,187139412,332218949632.0,0.09
2022-01-10,000300.SH,4812.23,4844.39,4780.82,4844.05,156211697,305033818112.0,0.45
2022-01-11,000300.SH,4840.01,4850.88,4791.89,4797.77,146928005,286445756416.0,-0.96
2022-01-12,000300.SH,4818.89,4852.73,4810.92,4845.58,143200205,293153042432.0,1.0
2022-01-13,000300.SH,4853.03,4853.06,4765.24,4765.92,142519652,288799117312.0,-1.64
2022-01-14,000300.SH,4743.91,4764.05,4723.94,4726.73,146863127,281828450304.0,-0.82
2022-01-17,000300.SH,4728.76,4775.24,4726.71,4767.28,115295690,263788240896.0,0.86
2022-01-18,000300.SH,4766.78,4826.3,4747.92,4813.35,150870802,282749394944.0,0.97
2022-01-19,000300.SH,4815.81,4828.75,4755.93,4780.38,133927360,275534557184.0,-0.68
2022-01-20,000300.SH,4778.26,4845.0,4777.57,4823.51,164971315,304344268800.0,0.9
2022-01-21,000300.SH,4808.77,4818.31,4762.56,4779.31,138952586,274699153408.0,-0.92
2022-01-24,000300.SH,4753.94,4801.1,4746.45,4786.74,114463880,246261596160.0,0.16
2022-01-25,000300.SH,4761.95,4781.39,4678.25,4678.45,133667587,250555768832.0,-2.26
2022-01-26,000300.SH,4697.1,4718.99,4648.13,4712.31,107070843,226553450496.0,0.72
2022-01-27,000300.SH,4708.1,4708.44,4616.03,4619.88,121263803,250535653376.0,-1.96
2022-01-28,000300.SH,4641.81,4660.52,4559.83,4563.77,126480113,263967891456.0,-1.21
2022-02-07,000300.SH,4638.58,4672.65,4615.01,4634.09,144849720,266031792128.0,1.54
2022-02-08,000300.SH,4626.44,4626.44,4522.47,4608.77,155830707,281364873216.0,-0.55
2022-02-09,000300.SH,4608.15,4659.46,4595.28,4652.06,148335547,273771962368.0,0.94
2022-02-10,000300.SH,4657.21,4657.21,4608.09,4639.86,151576666,287224389632.0,-0.26
2022-02-11,000300.SH,4617.87,4662.6,4595.88,4601.4,155974584,307938017280.0,-0.83
2022-02-14,000300.SH,4579.42,4593.63,4530.06,4551.69,143673894,275737554944.0,-1.08
2022-02-15,000300.SH,4553.81,4601.45,4550.54,4600.1,115025600,249977008128.0,1.06
2022-02-16,000300.SH,4619.85,4643.1,4607.22,4617.99,107258954,210190929920.0,0.39
2022-02-17,000300.SH,4616.9,4650.16,4606.95,4629.16,110014643,227946250240.0,0.24
2022-02-18,000300.SH,4604.57,4651.34,4598.1,4651.24,104550228,195825700864.0,0.48
2022-02-21,000300.SH,4646.05,4646.67,4613.3,4634.31,112516513,215039180800.0,-0.36
2022-02-22,000300.SH,4601.92,4602.07,4550.8,4574.15,123317238,246872961024.0,-1.3
2022-02-23,000300.SH,4582.01,4625.3,4579.29,4623.05,122952916,259050147840.0,1.07
2022-02-24,000300.SH,4592.07,4610.88,4488.48,4529.32,184403059,342346665984.0,-2.03
2022-02-25,000300.SH,4564.63,4611.86,4561.9,4573.42,149722583,271727599616.0,0.97
2022-02-28,000300.SH,4563.74,4581.65,4530.68,4581.65,135406979,248363728896.0,0.18
2022-03-01,000300.SH,4597.86,4623.43,4583.92,4619.69,123139220,260431183872.0,0.83
2022-03-02,000300.SH,4594.02,4594.02,4558.44,4578.6,113298324,215299653632.0,-0.89
2022-03-03,000300.SH,4595.02,4599.4,4544.43,4551.63,138285878,242701770752.0,-0.59
2022-03-04,000300.SH,4513.36,4539.39,4481.49,4496.43,127266806,249970282496.0,-1.21
2022-03-07,000300.SH,4462.52,4462.52,4338.3,4352.78,162197706,306898526208.0,-3.19
2022-03-08,000300.SH,4361.64,4383.65,4252.54,4265.39,167863278,315176697856.0,-2.01
2022-03-09,000300.SH,4280.98,4304.48,4068.19,4226.35,194232901,341009391616.0,-0.92
2022-03-10,000300.SH,4326.2,4335.67,4288.51,4292.84,145266383,301636182016.0,1.57
2022-03-11,000300.SH,4231.2,4316.04,4176.45,4306.52,152399921,295008833536.0,0.32
2022-03-14,000300.SH,4248.15,4280.36,4174.76,4174.76,130187236,260691660800.0,-3.06
2022-03-15,000300.SH,4125.49,4163.42,3983.81,3983.81,202524700,346988949504.0,-4.57
2022-03-16,000300.SH,4053.1,4168.59,3942.86,4156.08,196021983,378883588096.0,4.32
2022-03-17,000300.SH,4237.67,4302.74,4217.8,4237.7,179407345,385039196160.0,1.96
2022-03-18,000300.SH,4218.47,4283.37,4194.94,4265.9,149458304,275791290368.0,0.67
2022-03-21,000300.SH,4280.14,4287.82,4223.02,4258.75,127036360,251214544896.0,-0.17
2022-03-22,000300.SH,4252.57,4283.33,4236.69,4255.3,126382469,226213535744.0,-0.08
2022-03-23,000300.SH,4269.61,4287.58,4241.96,4276.52,117089078,226390777856.0,0.5
2022-03-24,000300.SH,4249.53,4273.96,4216.85,4251.31,108918272,219594432512.0,-0.59
2022-03-25,000300.SH,4249.07,4254.84,4173.93,4174.57,108808046,217013186560.0,-1.81
2022-03-28,000300.SH,4128.84,4174.12,4091.3,4148.47,118449021,213468975104.0,-0.63
2022-03-29,000300.SH,4155.42,4177.21,4124.72,4134.14,100266972,199463854080.0,-0.35
2022-03-30,000300.SH,4162.17,4254.1,4160.74,4254.1,138346025,268869181440.0,2.9
2022-03-31,000300.SH,4234.72,4247.36,4214.54,4222.6,134029184,238877216768.0,-0.74
2022-04-01,000300.SH,4198.82,4290.67,4190.08,4276.16,133803054,244758872064.0,1.27
2022-04-06,000300.SH,4258.83,4277.52,4236.73,4263.84,159062195,253690929152.0,-0.29
2022-04-07,000300.SH,4240.02,4278.11,4205.74,4209.1,134880353,216996184064.0,-1.28
2022-04-08,000300.SH,4213.21,4237.81,4175.53,4230.77,142843794,229081763840.0,0.51
2022-04-11,000300.SH,4203.79,4203.79,4089.09,4100.07,148197071,265224933376.0,-3.09
2022-04-12,000300.SH,4102.97,4179.97,4075.8,4179.97,144285683,252830412800.0,1.95
2022-04-13,000300.SH,4154.41,4194.04,4139.74,4139.74,125097490,221281030144.0,-0.96
2022-04-14,000300.SH,4172.64,4217.06,4155.55,4191.57,124791316,245993820160.0,1.25
2022-04-15,000300.SH,4162.37,4211.32,4152.97,4188.75,124762263,226229739520.0,-0.07
2022-04-18,000300.SH,4152.93,4171.74,4119.99,4166.38,117504609,212855328768.0,-0.53
2022-04-19,000300.SH,4161.93,4186.94,4115.42,4134.9,110217472,208570580992.0,-0.76
2022-04-20,000300.SH,4130.54,4136.17,4060.5,4070.79,117331658,216536637440.0,-1.55
2022-04-21,000300.SH,4048.73,4086.44,3978.37,3995.83,132783828,227026681856.0,-1.84
2022-04-22,000300.SH,3967.2,4037.08,3953.72,4013.25,122101811,206371766272.0,0.44
2022-04-25,000300.SH,3933.45,3958.21,3814.91,3814.91,168364503,272889274368.0,-4.94
2022-04-26,000300.SH,3822.49,3871.85,3773.9,3784.12,157577610,259626352640.0,-0.81
2022-04-27,000300.SH,3758.08,3895.73,3757.09,3895.54,172734047,296924102656.0,2.94
2022-04-28,000300.SH,3883.42,3943.43,3873.58,3921.11,153056586,268502241280.0,0.66
2022-04-29,000300.SH,3939.62,4017.43,3898.57,4016.24,179458378,321414877184.0,2.43
2022-05-05,000300.SH,3995.35,4039.7,3988.93,4010.21,154170716,290538229760.0,-0.15
2022-05-06,000300.SH,3928.85,3947.24,3902.05,3908.82,123005550,214825172992.0,-2.53
2022-05-09,000300.SH,3883.95,3914.11,3854.94,3877.44,92936694,171756503040.0,-0.8
2022-05-10,000300.SH,3820.63,3932.68,3808.57,3919.87,136416919,239060213760.0,1.09
2022-05-11,000300.SH,3917.93,4033.3,3916.52,3976.42,165632256,309294911488.0,1.44
2022-05-12,000300.SH,3949.95,3985.93,3935.59,3958.74,113376067,202029158400.0,-0.44
2022-05-13,000300.SH,3983.82,4003.85,3957.14,3988.6,109968356,195727044608.0,0.75
2022-05-16,000300.SH,4015.0,4018.03,3947.75,3956.54,112425295,199717908480.0,-0.8
2022-05-17,000300.SH,3961.76,4005.89,3955.1,4005.89,109661455,210117537792.0,1.25
2022-05-18,000300.SH,4015.01,4017.34,3964.75,3991.91,108074232,201800667136.0,-0.35
2022-05-19,000300.SH,3938.3,3999.6,3933.75,3999.6,116293420,210206683136.0,0.19
2022-05-20,000300.SH,4020.82,4077.6,4020.82,4077.6,147069174,265609089024.0,1.95
2022-05-23,000300.SH,4080.97,4080.97,4029.08,4053.98,130477811,225981542400.0,-0.58
2022-05-24,000300.SH,4052.87,4055.78,3959.15,3959.15,145554337,247713038336.0,-2.34
2022-05-25,000300.SH,3959.77,3983.62,3946.81,3983.18,107734016,188700536832.0,0.61
2022-05-26,000300.SH,3987.68,4015.75,3938.24,3993.04,126263690,216987025408.0,0.25
2022-05-27,000300.SH,4022.71,4051.14,3983.38,4001.3,112769336,206944428032.0,0.21
2022-05-30,000300.SH,4020.86,4040.82,4003.38,4029.02,111152241,211144720384.0,0.69
2022-05-31,000300.SH,4031.76,4096.2,4020.38,4091.52,135415514,267770089472.0,1.55
2022-06-01,000300.SH,4086.62,4094.9,4058.85,4083.18,114850880,225416237056.0,-0.2
2022-06-02,000300.SH,4064.0,4091.15,4057.91,4089.57,113893637,222657536000.0,0.16
2022-06-06,000300.SH,4090.53,4166.62,4063.91,4166.09,167871012,324075626496.0,1.87
2022-06-07,000300.SH,4165.69,4198.09,4155.17,4179.13,142992881,285733724160.0,0.31
2022-06-08,000300.SH,4187.15,4224.81,4158.03,4219.81,157374057,319480254464.0,0.97
2022-06-09,000300.SH,4211.72,4227.45,4160.88,4175.67,168449155,285172805632.0,-1.05
2022-06-10,000300.SH,4145.65,4241.35,4140.22,4238.99,184796214,324091441152.0,1.52
2022-06-13,000300.SH,4194.46,4218.23,4156.71,4189.35,168475622,336585670656.0,-1.17
2022-06-14,000300.SH,4143.22,4224.09,4102.93,4222.31,171385905,335418556416.0,0.79
2022-06-15,000300.SH,4228.29,4348.42,4228.29,4278.22,257046589,459766820864.0,1.32
2022-06-16,000300.SH,4282.08,4302.92,4241.08,4250.06,184074417,337235910656.0,-0.66
2022-06-17,000300.SH,4219.23,4318.77,4218.68,4309.04,158649098,346675728384.0,1.39
2022-06-20,000300.SH,4322.83,4368.36,4297.89,4330.43,165666383,359569297408.0,0.5
2022-06-21,000300.SH,4327.92,4357.34,4287.14,4325.57,164667615,317163319296.0,-0.11
2022-06-22,000300.SH,4331.9,4333.18,4269.25,4270.62,158565855,298656264192.0,-1.27
2022-06-23,000300.SH,4277.96,4343.88,4260.9,4343.88,170882360,327144779776.0,1.72
2022-06-24,000300.SH,4354.55,4400.69,4346.12,4394.77,168972198,356054749184.0,1.17
2022-06-27,000300.SH,4414.33,4472.69,4414.33,4444.26,177385677,381432967168.0,1.13
2022-06-28,000300.SH,4442.58,4497.89,4407.35,4490.52,174756490,361685970944.0,1.04
2022-06-29,000300.SH,4472.73,4503.13,4414.0,4421.36,187276687,395926106112.0,-1.54
2022-06-30,000300.SH,4418.07,4515.0,4418.07,4485.01,156666289,354343886848.0,1.44
2022-07-01,000300.SH,4489.52,4500.99,4449.29,4466.72,144779599,318492131328.0,-0.41
2022-07-04,000300.SH,4447.22,4496.03,4427.82,4496.03,146345651,356968521728.0,0.66
2022-07-05,000300.SH,4505.46,4530.32,4439.45,4489.54,154962414,361891852288.0,-0.14
2022-07-06,000300.SH,4475.48,4484.36,4393.42,4423.97,149800236,344672706560.0,-1.46
2022-07-07,000300.SH,4425.28,4457.34,4391.19,4443.47,132660905,328133132288.0,0.44
2022-07-08,000300.SH,4468.06,4479.49,4426.89,4428.78,123195740,304031109120.0,-0.33
2022-07-11,000300.SH,4406.15,4406.15,4330.58,4354.62,134448579,299195232256.0,-1.67
2022-07-12,000300.SH,4352.65,4370.34,4296.62,4313.62,130187838,291072311850.2,-0.94
2022-07-13,000300.SH,4313.36,4341.47,4284.94,4321.46,131113179,286075545406.5,0.18
2022-07-14,000300.SH,4308.82,4352.1,4292.76,4322.07,145250926,301569861036.8,0.01
2022-07-15,000300.SH,4299.47,4344.86,4248.53,4248.53,150214453,316793192669.9,-1.7
2022-07-18,000300.SH,4262.15,4300.78,4217.51,4292.59,122601192,281055128639.5,1.04
2022-07-19,000300.SH,4288.44,4288.44,4238.82,4269.34,103805730,231117731807.1,-0.54
2022-07-20,000300.SH,4291.28,4303.37,4269.97,4283.8,94490144,212301881407.6,0.34
2022-07-21,000300.SH,4270.36,4283.15,4236.05,4236.06,117156344,239228146811.6,-1.11
2022-07-22,000300.SH,4251.79,4275.47,4207.31,4238.23,103840624,224295333457.3,0.05
2022-07-25,000300.SH,4233.93,4234.84,4201.92,4212.64,83636664,188136426672.8,-0.6
2022-07-26,000300.SH,4220.09,4259.99,4214.53,4245.98,85823274,197601406373.7,0.79
2022-07-27,000300.SH,4236.15,4242.1,4217.28,4225.04,78904940,194245303807.2,-0.49
2022-07-28,000300.SH,4242.27,4267.92,4223.03,4225.67,107531930,243871486471.5,0.01
2022-07-29,000300.SH,4226.42,4243.51,4160.87,4170.1,114179286,253198574647.5,-1.32
2022-08-01,000300.SH,4160.65,4196.57,4129.45,4188.68,107749029,251125308597.5,0.45
2022-08-02,000300.SH,4144.38,4144.38,4071.43,4107.02,142224425,281013555279.9,-1.95
2022-08-03,000300.SH,4114.83,4150.98,4058.18,4066.98,116666124,268695834765.4,-0.97
2022-08-04,000300.SH,4089.44,4108.16,4064.66,4101.54,89532644,216898674902.2,0.85
2022-08-05,000300.SH,4109.63,4159.49,4097.86,4156.91,102571004,247325902015.1,1.35
2022-08-08,000300.SH,4142.11,4155.73,4135.08,4148.07,90208138,224080812054.7,-0.21
2022-08-09,000300.SH,4143.67,4161.81,4131.43,4156.29,84136959,214223692260.1,0.2
2022-08-10,000300.SH,4149.21,4160.79,4092.55,4109.74,85565839,217447368470.0,-1.12
2022-08-11,000300.SH,4130.74,4193.81,4116.06,4193.54,121385051,269630998406.8,2.04
2022-08-12,000300.SH,4185.42,4202.47,4175.05,4191.15,106808295,219208055254.9,-0.06
2022-08-15,000300.SH,4180.0,4219.92,4174.3,4185.68,105898495,245539800985.4,-0.13
2022-08-16,000300.SH,4190.53,4208.8,4170.52,4177.84,93906139,233818584731.5,-0.19
2022-08-17,000300.SH,4182.57,4222.79,4155.17,4216.96,112864659,252044325051.7,0.94
2022-08-18,000300.SH,4205.79,4211.91,4173.54,4180.1,101052650,233115491389.8,-0.87
2022-08-19,000300.SH,4174.55,4185.66,4151.07,4151.07,117402978,262494128152.3,-0.69
2022-08-22,000300.SH,4135.16,4183.65,4134.2,4181.4,112442720,259747163698.2,0.73
2022-08-23,000300.SH,4175.53,4187.39,4147.41,4161.08,103153512,239101330833.1,-0.49
2022-08-24,000300.SH,4168.58,4174.16,4079.09,4082.42,119069679,262844309316.1,-1.89
2022-08-25,000300.SH,4093.29,4119.62,4058.75,4116.24,111320745,242149581477.5,0.83
2022-08-26,000300.SH,4127.81,4139.79,4102.68,4107.55,99000493,225519196800.4,-0.21
2022-08-29,000300.SH,4063.88,4092.95,4059.6,4089.52,94354432,203086114712.3,-0.44
2022-08-30,000300.SH,4088.53,4093.14,4048.52,4075.79,93301662,192649001277.8,-0.34
2022-08-31,000300.SH,4057.14,4112.85,4046.62,4078.84,132449765,292974665546.2,0.07
2022-09-01,000300.SH,4066.19,4090.89,4041.13,4043.74,97387071,210898503453.9,-0.86
2022-09-02,000300.SH,4054.84,4056.18,4004.91,4023.61,86789278,184468327005.7,-0.5
2022-09-05,000300.SH,4010.41,4017.0,3982.74,4015.43,93767109,201118696559.4,-0.2
2022-09-06,000300.SH,4024.47,4054.0,4009.58,4052.28,113506265,235921838118.4,0.92
2022-09-07,000300.SH,4032.72,4067.54,4028.37,4054.98,107678059,215147152182.0,0.07
2022-09-08,000300.SH,4059.17,4067.76,4036.02,4037.68,100886049,186889047980.8,-0.43
2022-09-09,000300.SH,4050.59,4099.01,4042.25,4093.79,118427114,221442547204.1,1.39
2022-09-13,000300.SH,4112.01,4128.11,4097.14,4111.11,111789737,218521062135.8,0.42
2022-09-14,000300.SH,4058.04,4089.06,4047.92,4065.36,90793681,185484965110.5,-1.11
2022-09-15,000300.SH,4078.65,4088.81,3998.86,4027.12,123951196,254367492776.0,-0.94
2022-09-16,000300.SH,4013.58,4019.41,3932.68,3932.68,137193655,241251840050.3,-2.35
2022-09-19,000300.SH,3928.42,3953.65,3910.31,3928.0,97719575,183574440581.8,-0.12
2022-09-20,000300.SH,3945.65,3957.55,3921.69,3932.84,84824134,179248153537.9,0.12
2022-09-21,000300.SH,3921.32,3924.39,3884.23,3903.73,86458391,168939074342.6,-0.74
2022-09-22,000300.SH,3875.18,3900.27,3860.23,3869.34,80946919,161134102784.4,-0.88
2022-09-23,000300.SH,3865.1,3888.4,3829.69,3856.02,94342462,172904807364.4,-0.34
2022-09-26,000300.SH,3829.6,3893.32,3827.95,3836.68,104526031,192906200253.8,-0.5
2022-09-27,000300.SH,3844.07,3893.03,3827.93,3892.3,88860160,185955247353.4,1.45
2022-09-28,000300.SH,3879.44,3879.44,3828.05,3828.71,86592213,172438042788.2,-1.63
2022-09-29,000300.SH,3864.32,3873.18,3808.65,3827.14,85654142,171635940007.5,-0.04
2022-09-30,000300.SH,3833.35,3848.6,3801.28,3804.89,78559966,158692748773.3,-0.58
2022-10-10,000300.SH,3806.56,3807.46,3715.71,3720.94,102647595,194635904094.3,-2.21
2022-10-11,000300.SH,3732.02,3739.81,3706.06,3727.69,83944625,166800394853.2,0.18
2022-10-12,000300.SH,3722.87,3784.31,3661.53,3784.31,108089319,210931362291.5,1.52
2022-10-13,000300.SH,3756.42,3783.6,3749.64,3752.67,99018915,198368891548.5,-0.84
2022-10-14,000300.SH,3783.32,3863.23,3780.84,3842.47,116242293,256551271975.0,2.39
2022-10-17,000300.SH,3822.24,3849.62,3809.12,3846.41,104192019,220488874406.8,0.1
2022-10-18,000300.SH,3865.83,3870.22,3831.17,3838.27,88346907,186556295765.5,-0.21
2022-10-19,000300.SH,3827.47,3840.49,3776.53,3776.53,81574844,186736408229.7,-1.61
2022-10-20,000300.SH,3746.58,3804.25,3726.79,3754.93,90290895,203781618922.2,-0.57
2022-10-21,000300.SH,3753.89,3768.69,3724.69,3742.89,98750038,180686357677.0,-0.32
2022-10-24,000300.SH,3727.92,3762.16,3619.99,3633.37,130056864,259450743134.0,-2.93
2022-10-25,000300.SH,3621.94,3670.73,3594.7,3627.45,110953882,219302759596.7,-0.16
2022-10-26,000300.SH,3633.31,3700.88,3633.31,3656.9,121301548,242453810571.9,0.81
2022-10-27,000300.SH,3667.66,3685.08,3631.06,3631.14,117998675,257473315676.0,-0.7
2022-10-28,000300.SH,3605.16,3618.86,3533.5,3541.33,118772162,245816451977.6,-2.47
2022-10-31,000300.SH,3504.51,3553.39,3495.95,3508.7,138465655,256574822102.2,-0.92
2022-11-01,000300.SH,3519.82,3634.17,3517.62,3634.17,149286698,295089928407.3,3.58
2022-11-02,000300.SH,3620.37,3703.47,3610.8,3677.81,141592919,291648245712.0,1.2
2022-11-03,000300.SH,3645.06,3670.16,3628.5,3647.9,110566035,215379297964.4,-0.81
2022-11-04,000300.SH,3646.77,3782.88,3646.77,3767.17,149734949,311145477555.0,3.27
2022-11-07,000300.SH,3754.52,3792.79,3746.37,3775.3,129826371,251195699936.5,0.22
2022-11-08,000300.SH,3773.66,3779.12,3723.34,3749.33,99016451,193351324896.7,-0.69
2022-11-09,000300.SH,3750.78,3760.41,3711.27,3714.27,89434525,172029529943.6,-0.94
2022-11-10,000300.SH,3685.83,3701.53,3665.06,3685.69,103509302,183155308702.9,-0.77
2022-11-11,000300.SH,3787.76,3828.9,3747.09,3788.44,189685586,344471326267.1,2.79
2022-11-14,000300.SH,3818.14,3848.41,3781.78,3794.02,169665048,315536856084.6,0.15
2022-11-15,000300.SH,3788.93,3871.64,3775.5,3865.97,151515650,296268142768.9,1.9
2022-11-16,000300.SH,3860.81,3877.68,3829.31,3834.39,120610964,235844588244.6,-0.82
2022-11-17,000300.SH,3821.27,3821.74,3776.57,3818.66,105940632,219540811334.9,-0.41
2022-11-18,000300.SH,3823.82,3840.3,3801.57,3801.57,115078777,224276131007.5,-0.45
2022-11-21,000300.SH,3769.63,3769.87,3734.0,3769.13,95866966,188230373665.4,-0.85
2022-11-22,000300.SH,3766.08,3809.86,3751.04,3769.57,144486334,203490828432.2,0.01
2022-11-23,000300.SH,3760.22,3791.18,3753.21,3773.53,144527911,201070601177.9,0.11
2022-11-24,000300.SH,3791.54,3804.9,3751.38,3756.81,101073447,160698921546.2,-0.44
2022-11-25,000300.SH,3751.28,3790.57,3743.41,3775.78,142929711,191711040706.5,0.5
2022-11-28,000300.SH,3701.9,3736.08,3672.13,3733.24,127825748,196305561705.9,-1.13
2022-11-29,000300.SH,3766.57,3854.77,3766.57,3848.42,178701392,289062336430.7,3.09
2022-11-30,000300.SH,3836.56,3867.66,3833.83,3853.04,157511400,250051468093.3,0.12
2022-12-01,000300.SH,3921.3,3944.56,3893.87,3894.77,169964585,306678195716.4,1.08
2022-12-02,000300.SH,3886.4,3898.11,3865.88,3870.95,116786350,201253166362.9,-0.61
2022-12-05,000300.SH,3907.64,3947.48,3900.67,3946.88,201747221,296615512326.6,1.96
2022-12-06,000300.SH,3929.01,3988.9,3923.0,3968.2,155108323,275583430840.8,0.54
2022-12-07,000300.SH,3956.67,3999.59,3944.18,3958.44,143001356,255490829027.1,-0.25
2022-12-08,000300.SH,3953.2,3971.49,3941.3,3959.18,115199986,198037690481.4,0.02
2022-12-09,000300.SH,3961.99,4003.32,3944.44,3998.24,153774954,268166789656.9,0.99
2022-12-12,000300.SH,3976.17,3983.43,3950.32,3953.44,125935368,227606300936.9,-1.12
2022-12-13,000300.SH,3953.55,3964.4,3939.98,3945.68,100994100,184020700110.0,-0.2
2022-12-14,000300.SH,3952.79,3972.74,3935.77,3954.89,98528006,196175108617.2,0.23
2022-12-15,000300.SH,3954.67,3963.5,3926.5,3951.99,88864725,181994889123.4,-0.07
2022-12-16,000300.SH,3931.23,3960.47,3929.49,3954.23,93178567,167488442588.9,0.06
2022-12-19,000300.SH,3952.77,3966.57,3878.44,3893.22,106919075,180801387702.4,-1.54
2022-12-20,000300.SH,3881.23,3881.27,3811.48,3829.02,83096822,164046440873.7,-1.65
2022-12-21,000300.SH,3839.0,3853.73,3821.4,3830.54,64839215,123450040359.8,0.04
2022-12-22,000300.SH,3859.2,3882.13,3821.34,3836.03,83705173,163970306950.9,0.14
2022-12-23,000300.SH,3811.62,3848.34,3805.95,3828.22,65278148,130559415565.7,-0.2
2022-12-26,000300.SH,3830.57,3856.81,3827.52,3843.49,73005712,148692832422.1,0.4
2022-12-27,000300.SH,3860.91,3891.85,3856.58,3887.85,77515350,152032206630.9,1.15
2022-12-28,000300.SH,3874.91,3884.72,3854.94,3871.26,84424656,160671122030.7,-0.43
2022-12-29,000300.SH,3854.24,3868.29,3838.48,3856.7,79394815,149011372437.3,-0.38
2022-12-30,000300.SH,3873.94,3887.55,3868.76,3871.63,78773272,148295049381.5,0.39
2023-01-03,000300.SH,3864.84,3893.99,3831.25,3887.9,115051875,207540165953.2,0.42
2023-01-04,000300.SH,3886.25,3905.9,3873.65,3892.95,110660743,198997711686.0,0.13
2023-01-05,000300.SH,3913.49,3974.88,3912.26,3968.58,116502395,256312608292.0,1.94
2023-01-06,000300.SH,3969.55,4000.41,3966.47,3980.89,110953038,235744305582.2,0.31
2023-01-09,000300.SH,3998.53,4023.09,3990.71,4013.12,117054425,233212426458.1,0.81
2023-01-10,000300.SH,4014.71,4030.46,4002.23,4017.47,101751141,214871166239.5,0.11
2023-01-11,000300.SH,4019.88,4043.4,4008.02,4010.03,99997889,203000262960.6,-0.19
2023-01-12,000300.SH,4021.75,4030.29,4003.51,4017.87,90552627,183686268106.8,0.2
2023-01-13,000300.SH,4032.29,4074.38,4027.89,4074.38,95871896,212173997498.4,1.41
2023-01-16,000300.SH,4077.88,4177.1,4076.64,4137.96,151395455,319007749371.3,1.56
2023-01-17,000300.SH,4138.84,4148.58,4118.16,4137.24,95479040,204381576523.4,-0.02
2023-01-18,000300.SH,4140.1,4151.46,4125.77,4130.31,84200645,172126171819.2,-0.17
2023-01-19,000300.SH,4125.58,4156.01,4105.98,4156.01,94608398,192699589774.1,0.62
2023-01-20,000300.SH,4166.84,4189.83,4161.67,4181.53,123553809,222342455100.7,0.61
2023-01-30,000300.SH,4267.62,4268.15,4197.86,4201.35,164607064,330193322092.2,0.47
2023-01-31,000300.SH,4200.58,4212.73,4153.05,4156.86,124550835,249365321627.1,-1.06
2023-02-01,000300.SH,4170.13,4195.93,4137.77,4195.93,141008954,265553944709.3,0.94
2023-02-02,000300.SH,4207.41,4207.41,4170.56,4181.15,133823736,262497434837.0,-0.35
2023-02-03,000300.SH,4162.03,4162.03,4103.17,4141.63,117041221,226914770043.9,-0.95
2023-02-06,000300.SH,4103.83,4105.94,4065.22,4086.88,110192717,226345113968.7,-1.32
2023-02-07,000300.SH,4098.31,4107.34,4077.96,4094.23,91360072,183537351577.1,0.18
2023-02-08,000300.SH,4099.86,4111.47,4072.65,4076.14,84786099,170591751817.3,-0.44
2023-02-09,000300.SH,4067.56,4130.86,4064.75,4130.86,102289961,211722604859.2,1.34
2023-02-10,000300.SH,4124.1,4125.29,4092.35,4106.31,96716733,195348320573.4,-0.59
2023-02-13,000300.SH,4098.88,4146.45,4092.27,4143.57,128892577,251990181553.9,0.91
2023-02-14,000300.SH,4151.25,4152.05,4125.26,4145.29,102499890,204915435749.9,0.04
2023-02-15,000300.SH,4146.85,4153.72,4115.97,4123.69,121664508,219855528966.4,-0.52
2023-02-16,000300.SH,4125.41,4167.9,4068.86,4093.49,159310585,281315625588.6,-0.73
2023-02-17,000300.SH,4086.22,4104.64,4032.93,4034.51,116142589,225737746955.0,-1.44
2023-02-20,000300.SH,4039.96,4134.86,4035.48,4133.49,161794481,280122962150.4,2.45
2023-02-21,000300.SH,4130.06,4151.8,4116.27,4144.35,145776173,249674201048.2,0.26
2023-02-22,000300.SH,4118.97,4134.88,4101.86,4106.95,104290295,191586158991.2,-0.9
2023-02-23,000300.SH,4106.21,4132.39,4088.21,4103.65,103564906,197193582430.1,-0.08
2023-02-24,000300.SH,4100.99,4102.61,4048.24,4061.05,100989425,191210465053.2,-1.04
2023-02-27,000300.SH,4040.46,4067.03,4034.52,4043.84,93787630,187959491145.3,-0.42
2023-02-28,000300.SH,4058.13,4074.26,4026.45,4069.46,110323591,198799712379.1,0.63
2023-03-01,000300.SH,4068.73,4135.48,4061.22,4126.94,156015794,255374791015.7,1.41
2023-03-02,000300.SH,4119.99,4137.25,4113.83,4117.74,148217637,235953764969.5,-0.22
2023-03-03,000300.SH,4126.02,4135.21,4100.38,4130.55,160331741,226914545628.4,0.31
2023-03-06,000300.SH,4131.15,4132.84,4088.45,4109.01,162971807,283079861971.5,-0.52
2023-03-07,000300.SH,4103.64,4124.96,4046.57,4048.85,195912068,272491994009.2,-1.46
2023-03-08,000300.SH,4030.74,4037.29,4011.52,4034.11,117936493,191659655190.9,-0.36
2023-03-09,000300.SH,4035.84,4043.85,4000.89,4019.85,116539629,201737990686.8,-0.35
2023-03-10,000300.SH,3991.8,4004.36,3966.43,3967.14,123855409,218286956131.0,-1.31
2023-03-13,000300.SH,3962.64,4008.69,3962.64,4008.69,143561370,242865516757.6,1.05
2023-03-14,000300.SH,3999.88,4001.94,3946.94,3984.7,150544174,267224848810.5,-0.6
2023-03-15,000300.SH,4011.84,4018.75,3986.9,3986.9,142026007,232101093978.6,0.06
2023-03-16,000300.SH,3958.2,3981.32,3936.48,3939.15,152515644,246264286428.0,-1.2
2023-03-17,000300.SH,3971.16,4004.22,3945.25,3958.82,177433818,305541015556.1,0.5
2023-03-20,000300.SH,3962.66,3979.55,3935.02,3939.08,205264970,319760032638.0,-0.5
2023-03-21,000300.SH,3948.16,3982.7,3948.16,3982.38,145090679,251631985016.9,1.1
2023-03-22,000300.SH,3993.78,4016.45,3986.71,3999.44,149228970,265180992104.1,0.43
2023-03-23,000300.SH,3985.99,4039.09,3984.0,4039.09,158887421,296479529467.0,0.99
2023-03-24,000300.SH,4035.16,4037.84,4017.0,4027.05,159442330,295785588943.1,-0.3
2023-03-27,000300.SH,4023.3,4023.3,3987.03,4012.48,168482279,315474696948.0,-0.36
2023-03-28,000300.SH,4015.7,4023.78,3994.6,3999.51,131895117,248736920971.8,-0.32
2023-03-29,000300.SH,4013.59,4017.76,3992.67,4006.14,133743510,263866922733.1,0.17
2023-03-30,000300.SH,4009.56,4040.5,3983.9,4038.53,149901037,280004715991.0,0.81
2023-03-31,000300.SH,4045.45,4063.57,4039.96,4050.93,138842546,279863685781.0,0.31
2023-04-03,000300.SH,4059.62,4094.94,4059.06,4090.57,182124313,382895558426.0,0.98
2023-04-04,000300.SH,4089.29,4103.16,4080.07,4103.11,197146631,394443175146.2,0.31
2023-04-06,000300.SH,4084.13,4098.83,4078.4,4096.64,150703374,328981851588.3,-0.16
2023-04-07,000300.SH,4096.9,4131.31,4092.18,4123.28,128676738,286567771883.1,0.65
2023-04-10,000300.SH,4132.01,4132.3,4099.05,4104.81,152453002,340822557207.6,-0.45
2023-04-11,000300.SH,4108.51,4116.12,4083.49,4100.15,153901333,324192951998.7,-0.11
2023-04-12,000300.SH,4102.4,4108.25,4090.28,4097.29,165965278,325425226403.2,-0.07
2023-04-13,000300.SH,4081.39,4088.88,4059.57,4068.98,156444295,300291020752.9,-0.69
2023-04-14,000300.SH,4078.97,4098.22,4075.2,4092.0,150695682,306201501438.7,0.57
2023-04-17,000300.SH,4090.07,4149.38,4089.51,4149.38,188773095,341831272792.7,1.4
2023-04-18,000300.SH,4139.31,4169.67,4138.46,4162.03,170184130,331545662315.6,0.3
2023-04-19,000300.SH,4159.39,4159.39,4118.63,4124.56,162554592,312219504522.6,-0.9
2023-04-20,000300.SH,4122.95,4125.82,4094.0,4113.02,162706677,332172409512.0,-0.28
2023-04-21,000300.SH,4114.26,4114.26,4031.91,4032.57,180802435,347852011602.5,-1.96
2023-04-24,000300.SH,4031.3,4033.64,3967.91,3982.64,170099217,328375614674.3,-1.24
2023-04-25,000300.SH,3985.11,3991.69,3925.44,3962.67,172555409,331110619767.7,-0.5
2023-04-26,000300.SH,3950.26,3975.66,3934.66,3959.23,162702006,322062811333.5,-0.09
2023-04-27,000300.SH,3948.03,3999.13,3942.82,3988.42,153828195,304804002557.4,0.74
2023-04-28,000300.SH,3993.26,4030.45,3993.26,4029.09,179508488,328936294025.2,1.02
2023-05-04,000300.SH,4013.47,4035.78,4001.13,4030.25,227582846,345492506049.3,0.03
2023-05-05,000300.SH,4031.09,4047.6,3998.39,4016.88,206626924,307694489937.0,-0.33
2023-05-08,000300.SH,4028.11,4070.77,4018.96,4062.66,255583085,359539954170.1,1.14
2023-05-09,000300.SH,4065.44,4092.85,4026.39,4027.88,279306048,396422120420.6,-0.86
2023-05-10,000300.SH,4017.94,4019.06,3984.63,3996.87,207552709,309484851741.1,-0.77
2023-05-11,000300.SH,4005.78,4018.06,3988.48,3990.66,144804619,241052071431.6,-0.16
2023-05-12,000300.SH,3987.77,3999.38,3937.53,3937.76,144421728,228992923388.1,-1.33
2023-05-15,000300.SH,3938.83,3998.89,3923.03,3998.89,176257362,279531163508.4,1.55
2023-05-16,000300.SH,4002.52,4005.02,3966.99,3978.21,136833271,234840652671.0,-0.52
2023-05-17,000300.SH,3971.7,3982.6,3945.71,3960.17,118448185,205195685976.4,-0.45
2023-05-18,000300.SH,3965.52,3982.72,3939.55,3956.07,136533947,229134184412.9,-0.1
2023-05-19,000300.SH,3946.22,3967.28,3928.32,3944.54,120212479,207094944781.3,-0.29
2023-05-22,000300.SH,3941.0,3985.4,3935.8,3969.33,109116605,202185550245.9,0.63
2023-05-23,000300.SH,3968.23,3971.94,3913.19,3913.19,118685077,189955815340.0,-1.41
2023-05-24,000300.SH,3903.78,3903.78,3859.09,3859.09,137258265,211768410520.2,-1.38
2023-05-25,000300.SH,3851.41,3861.38,3817.84,3850.5,124150770,213313620055.3,-0.22
2023-05-26,000300.SH,3848.42,3859.63,3815.57,3850.95,100326439,191537814872.5,0.01
2023-05-29,000300.SH,3862.08,3866.72,3819.18,3833.94,131859967,230095604813.4,-0.44
2023-05-30,000300.SH,3827.79,3844.01,3789.27,3837.75,137619629,244566265534.9,0.1
2023-05-31,000300.SH,3827.16,3827.16,3781.4,3798.54,126387368,235606123947.6,-1.02
2023-06-01,000300.SH,3788.59,3832.21,3786.73,3806.87,134561881,241829546409.4,0.22
2023-06-02,000300.SH,3821.62,3865.28,3821.62,3861.83,125015110,232696547130.8,1.44
2023-06-05,000300.SH,3860.56,3860.56,3832.46,3844.25,116163989,211144360143.7,-0.46
2023-06-06,000300.SH,3840.46,3867.85,3802.84,3808.16,125781258,222091722592.2,-0.94
2023-06-07,000300.SH,3815.48,3823.11,3780.1,3789.34,98862432,189879792179.6,-0.49
2023-06-08,000300.SH,3791.08,3834.39,3777.78,3820.19,118700934,199119300649.7,0.81
2023-06-09,000300.SH,3822.41,3836.7,3811.22,3836.7,134319863,247296087070.9,0.43
2023-06-12,000300.SH,3827.33,3859.72,3813.86,3844.43,126758543,240791270473.5,0.2
2023-06-13,000300.SH,3838.13,3867.3,3833.46,3864.91,110924946,225435215314.9,0.53
2023-06-14,000300.SH,3872.72,3891.67,3862.06,3864.02,124955759,243932581183.9,-0.02
2023-06-15,000300.SH,3871.77,3925.5,3871.77,3925.5,128369938,282635910894.2,1.59
2023-06-16,000300.SH,3932.21,3968.01,3928.54,3963.35,139760076,280374762837.8,0.96
2023-06-19,000300.SH,3957.03,3957.03,3922.47,3930.91,134905848,268213068579.8,-0.82
2023-06-20,000300.SH,3926.09,3937.49,3918.47,3924.24,122520318,266274081286.8,-0.17
2023-06-21,000300.SH,3909.1,3920.13,3864.03,3864.03,118346575,243630705591.5,-1.53
2023-06-26,000300.SH,3833.44,3841.29,3801.05,3809.7,133990419,247713845779.5,-1.41
2023-06-27,000300.SH,3811.69,3851.9,3806.32,3845.43,116992681,210097713687.6,0.94
2023-06-28,000300.SH,3836.61,3846.85,3808.16,3840.8,107021541,206187959876.8,-0.12
2023-06-29,000300.SH,3836.73,3840.71,3817.38,3821.84,98289274,204110031407.8,-0.49
2023-06-30,000300.SH,3816.33,3860.03,3813.55,3842.45,101268429,208146272909.3,0.54
2023-07-03,000300.SH,3853.29,3897.33,3853.29,3892.88,133158051,256876520211.7,1.31
2023-07-04,000300.SH,3888.03,3899.98,3878.4,3899.01,109494527,216335611421.8,0.16
2023-07-05,000300.SH,3895.19,3899.52,3864.13,3868.81,97636384,188400265050.6,-0.77
2023-07-06,000300.SH,3857.03,3876.89,3836.46,3842.75,100121842,184742420862.3,-0.67
2023-07-07,000300.SH,3831.6,3844.84,3819.08,3825.7,100906920,173918560673.0,-0.44
2023-07-10,000300.SH,3841.56,3865.46,3831.92,3844.33,92033441,185360813110.7,0.49
2023-07-11,000300.SH,3853.8,3870.65,3844.52,3869.49,86510716,177585694368.3,0.65
2023-07-12,000300.SH,3864.6,3874.04,3838.56,3843.44,111522024,214046519056.1,-0.67
2023-07-13,000300.SH,3855.66,3901.1,3855.66,3898.42,120300232,235278706834.5,1.43
2023-07-14,000300.SH,3904.6,3908.49,3893.79,3899.1,122364846,220230466522.9,0.02
2023-07-17,000300.SH,3881.62,3881.62,3852.26,3867.17,98340144,174623552807.4,-0.82
2023-07-18,000300.SH,3871.04,3871.04,3844.51,3854.94,91438615,167104315117.1,-0.32
2023-07-19,000300.SH,3848.48,3860.01,3830.41,3850.87,79585700,151311481029.8,-0.11
2023-07-20,000300.SH,3857.77,3875.62,3818.71,3823.69,92042076,174320872139.8,-0.71
2023-07-21,000300.SH,3816.98,3849.51,3808.8,3821.91,79507563,157144211209.3,-0.05
2023-07-24,000300.SH,3803.35,3828.79,3798.8,3805.22,75483545,151448369566.2,-0.44
2023-07-25,000300.SH,3866.64,3915.81,3866.64,3915.12,163066320,299853562168.1,2.89
2023-07-26,000300.SH,3908.17,3912.98,3893.4,3907.01,107881717,192912604792.0,-0.21
2023-07-27,000300.SH,3914.23,3935.36,3894.69,3902.35,110667109,196845425513.3,-0.12
2023-07-28,000300.SH,3889.79,4000.92,3886.55,3992.74,179735481,310092467404.5,2.32
2023-07-31,000300.SH,4018.89,4064.36,4002.08,4014.63,199606830,366544120003.6,0.55
2023-08-01,000300.SH,4009.18,4031.7,3983.03,3998.0,142286859,255620773637.6,-0.41
2023-08-02,000300.SH,3985.7,4008.33,3958.51,3969.9,125855690,204875690923.8,-0.7
2023-08-03,000300.SH,3962.13,4005.0,3962.13,4004.98,129006640,224809824820.3,0.88
2023-08-04,000300.SH,4033.72,4058.24,4011.62,4020.58,178267189,316529733837.7,0.39
2023-08-07,000300.SH,4002.97,4002.97,3977.02,3990.15,121310662,227090572750.9,-0.76
2023-08-08,000300.SH,3980.04,4002.29,3963.46,3979.73,109871699,202611335313.8,-0.26
2023-08-09,000300.SH,3967.36,3982.11,3961.84,3967.57,94640269,174394242765.3,-0.31
2023-08-10,000300.SH,3962.86,3976.46,3945.39,3975.72,97176849,175646730198.2,0.21
2023-08-11,000300.SH,3977.98,3977.98,3884.25,3884.25,126082931,203546314647.4,-2.3
2023-08-14,000300.SH,3840.89,3859.47,3814.07,3855.91,115966336,197623765246.4,-0.73
2023-08-15,000300.SH,3858.37,3865.28,3811.68,3846.54,103097111,177437071692.5,-0.24
2023-08-16,000300.SH,3830.83,3852.42,3817.63,3818.33,94616946,169323869027.6,-0.73
2023-08-17,000300.SH,3801.2,3836.15,3782.5,3831.1,98415493,174093848242.9,0.33
2023-08-18,000300.SH,3832.46,3844.2,3784.0,3784.0,95549638,168445686988.2,-1.23
2023-08-21,000300.SH,3773.23,3782.11,3729.56,3729.56,98708369,173379942906.6,-1.44
2023-08-22,000300.SH,3748.07,3770.06,3704.68,3758.23,120318327,203463879671.8,0.77
2023-08-23,000300.SH,3751.77,3756.17,3695.03,3696.63,97081638,160476231586.9,-1.64
2023-08-24,000300.SH,3711.54,3748.86,3701.57,3723.43,119614521,196257391083.7,0.72
2023-08-25,000300.SH,3703.51,3734.22,3695.84,3709.15,105182610,175601437172.9,-0.38
2023-08-28,000300.SH,3911.55,3911.55,3740.53,3752.62,197990379,335047670966.8,1.17
2023-08-29,000300.SH,3743.05,3810.38,3742.08,3790.11,152486146,262134936751.0,1.0
2023-08-30,000300.SH,3803.12,3813.7,3780.24,3788.51,129671661,226727480838.7,-0.04
2023-08-31,000300.SH,3786.93,3794.0,3762.0,3765.27,118961646,193577001342.0,-0.61
2023-09-01,000300.SH,3778.91,3808.53,3778.91,3791.49,105319045,172219141586.1,0.7
2023-09-04,000300.SH,3812.99,3854.26,3804.59,3848.95,142385201,237934727924.3,1.52
2023-09-05,000300.SH,3839.58,3839.58,3814.33,3820.32,104052333,181377877955.3,-0.74
2023-09-06,000300.SH,3808.1,3817.52,3790.89,3812.03,93442393,166081524007.2,-0.22
2023-09-07,000300.SH,3802.23,3802.23,3756.85,3758.47,95103903,164405748827.5,-1.41
2023-09-08,000300.SH,3747.65,3753.26,3724.99,3739.99,71638166,129197657303.1,-0.49
2023-09-11,000300.SH,3740.58,3788.32,3734.72,3767.54,105358016,186871759441.3,0.74
2023-09-12,000300.SH,3764.33,3775.09,3755.42,3760.6,79385378,140117510233.3,-0.18
2023-09-13,000300.SH,3759.61,3768.82,3719.11,3736.65,81576901,138238089912.5,-0.64
2023-09-14,000300.SH,3736.94,3748.82,3717.31,3733.51,100386075,151578100463.9,-0.08
2023-09-15,000300.SH,3740.79,3749.02,3699.38,3708.78,109395689,180398970938.3,-0.66
2023-09-18,000300.SH,3698.93,3737.53,3691.11,3727.71,86727741,156966973910.5,0.51
2023-09-19,000300.SH,3723.42,3724.07,3702.69,3720.5,83199038,135216895229.4,-0.19
2023-09-20,000300.SH,3715.96,3718.52,3705.13,3705.69,75448209,117691805957.2,-0.4
2023-09-21,000300.SH,3698.31,3708.46,3672.44,3672.44,83031005,135011796555.2,-0.9
2023-09-22,000300.SH,3672.64,3740.42,3664.77,3738.93,110231166,192236467362.8,1.81
2023-09-25,000300.SH,3738.06,3738.06,3711.2,3714.6,92596479,155793827361.5,-0.65
2023-09-26,000300.SH,3711.71,3723.85,3692.62,3692.89,78044525,137808437774.8,-0.58
2023-09-27,000300.SH,3694.96,3731.14,3694.39,3700.5,91629210,164790435265.8,0.21
2023-09-28,000300.SH,3711.21,3716.06,3685.3,3689.52,85221719,153500421344.0,-0.3
2023-10-09,000300.SH,3678.93,3694.17,3642.0,3684.73,102148058,178072374748.1,-0.13
2023-10-10,000300.SH,3696.25,3701.26,3655.59,3657.13,99163730,161938958924.8,-0.75
2023-10-11,000300.SH,3674.75,3689.53,3658.36,3667.55,102091587,187667554126.6,0.28
2023-10-12,000300.SH,3697.93,3711.5,3682.84,3702.38,114363225,194598219817.3,0.95
2023-10-13,000300.SH,3677.96,3678.19,3652.31,3663.41,98287987,170152309003.0,-1.05
2023-10-16,000300.SH,3664.04,3664.04,3615.77,3626.6,91853118,159537973598.4,-1.0
2023-10-17,000300.SH,3635.3,3645.57,3619.13,3639.4,90745188,147056233347.4,0.35
2023-10-18,000300.SH,3631.07,3632.06,3608.98,3610.58,94545879,158982356667.4,-0.79
2023-10-19,000300.SH,3588.52,3588.52,3532.31,3533.54,111737520,189194781843.9,-2.13
2023-10-20,000300.SH,3518.35,3535.66,3501.73,3510.59,98518605,169591289145.3,-0.65
2023-10-23,000300.SH,3500.2,3505.35,3450.65,3474.24,96561652,152054894179.0,-1.04
2023-10-24,000300.SH,3481.76,3495.0,3453.1,3487.13,115547289,186529203442.0,0.37
2023-10-25,000300.SH,3524.3,3531.83,3500.92,3504.46,128009617,203691741119.2,0.5
2023-10-26,000300.SH,3484.78,3515.57,3478.05,3514.14,105143566,176088467225.8,0.28
2023-10-27,000300.SH,3501.17,3576.59,3494.55,3562.39,120225108,224301960437.0,1.37
2023-10-30,000300.SH,3554.11,3592.72,3554.02,3583.77,144010426,242973328094.4,0.6
2023-10-31,000300.SH,3581.68,3581.68,3554.58,3572.51,112587267,196317658324.1,-0.31
2023-11-01,000300.SH,3605.76,3606.41,3564.64,3571.03,97645538,182943566435.3,-0.04
2023-11-02,000300.SH,3580.07,3597.17,3553.74,3554.19,90359643,149465055433.9,-0.47
2023-11-03,000300.SH,3558.53,3596.1,3558.53,3584.14,97542101,165865989200.3,0.84
2023-11-06,000300.SH,3608.32,3635.79,3600.63,3632.61,152982463,254465948110.4,1.35
2023-11-07,000300.SH,3623.78,3628.46,3606.3,3619.76,110288591,190433605310.7,-0.35
2023-11-08,000300.SH,3610.64,3627.05,3591.82,3611.07,110594230,192594372352.5,-0.24
2023-11-09,000300.SH,3603.11,3624.41,3601.37,3612.83,111872057,189355228591.7,0.05
2023-11-10,000300.SH,3596.07,3599.45,3576.1,3586.49,102107034,166924677328.3,-0.73
2023-11-13,000300.SH,3593.91,3599.39,3562.77,3579.41,96707649,164821249624.7,-0.2
2023-11-14,000300.SH,3581.1,3600.15,3568.88,3582.06,100884158,165935163426.2,0.07
2023-11-15,000300.SH,3616.88,3620.6,3596.92,3607.25,104929218,188932150500.6,0.7
2023-11-16,000300.SH,3600.98,3605.29,3572.36,3572.36,87464780,146629217157.8,-0.97
2023-11-17,000300.SH,3561.31,3573.68,3547.03,3568.07,87319207,139621898705.2,-0.12
2023-11-20,000300.SH,3569.73,3586.97,3545.1,3576.32,91080445,157449634694.0,0.23
2023-11-21,000300.SH,3587.88,3615.06,3575.68,3581.07,108594314,175922105929.9,0.13
2023-11-22,000300.SH,3569.44,3574.38,3544.42,3544.42,84784381,136041195538.9,-1.02
2023-11-23,000300.SH,3541.44,3562.07,3529.94,3561.52,84800167,141499811490.9,0.48
2023-11-24,000300.SH,3560.65,3560.65,3534.0,3538.01,85018403,140101998555.3,-0.66
2023-11-27,000300.SH,3534.44,3534.44,3492.86,3511.94,99102314,155975437035.7,-0.74
2023-11-28,000300.SH,3510.66,3521.05,3501.11,3518.52,89335789,147740535862.4,0.19
2023-11-29,000300.SH,3518.88,3519.2,3482.24,3488.31,98841412,155948235975.9,-0.86
2023-11-30,000300.SH,3485.52,3505.13,3481.45,3496.2,101350820,153790180653.3,0.23
2023-12-01,000300.SH,3494.22,3494.22,3452.17,3482.88,108530941,176078323469.4,-0.38
2023-12-04,000300.SH,3481.04,3488.13,3459.61,3460.14,97156826,164664395292.9,-0.65
2023-12-05,000300.SH,3450.09,3450.09,3393.81,3394.26,100472007,164840691112.1,-1.9
2023-12-06,000300.SH,3387.88,3420.28,3382.95,3399.6,105805519,172142987724.9,0.16
2023-12-07,000300.SH,3394.31,3404.41,3369.77,3391.28,97713248,160949948197.3,-0.24
2023-12-08,000300.SH,3391.86,3409.38,3383.45,3399.46,129522054,203034222561.1,0.24
2023-12-11,000300.SH,3378.05,3426.61,3346.89,3419.45,139626249,219761181423.1,0.59
2023-12-12,000300.SH,3410.0,3427.55,3406.1,3426.8,105590013,166979964779.7,0.21
2023-12-13,000300.SH,3418.64,3418.64,3369.61,3369.61,95285367,165455928375.6,-1.67
2023-12-14,000300.SH,3387.38,3399.14,3350.76,3351.96,83655135,150245775736.4,-0.52
2023-12-15,000300.SH,3365.94,3388.5,3339.52,3341.55,97787783,164907019372.1,-0.31
2023-12-18,000300.SH,3329.19,3352.35,3314.91,3329.37,90526826,142303319418.9,-0.36
2023-12-19,000300.SH,3325.66,3345.78,3313.19,3334.04,83808118,135293655396.1,0.14
2023-12-20,000300.SH,3334.33,3338.54,3297.37,3297.5,92412868,141290542802.3,-1.1
2023-12-21,000300.SH,3285.6,3339.36,3283.99,3330.87,102546198,171120780579.5,1.01
2023-12-22,000300.SH,3329.47,3359.06,3315.9,3337.23,105220133,167336342309.2,0.19
2023-12-25,000300.SH,3330.33,3348.88,3330.33,3347.45,74542693,121838327071.1,0.31
2023-12-26,000300.SH,3345.4,3345.42,3315.94,3324.79,74732935,121689997434.6,-0.68
2023-12-27,000300.SH,3326.93,3341.27,3309.67,3336.36,94403928,140924923674.8,0.35
2023-12-28,000300.SH,3335.56,3423.4,3331.21,3414.54,148064851,245855634464.3,2.34
2023-12-29,000300.SH,3411.11,3432.54,3409.58,3431.11,114928932,193573180515.1,0.49
2024-01-02,000300.SH,3426.27,3426.27,3386.35,3386.35,116180726,184096097448.7,-1.3
2024-01-03,000300.SH,3379.75,3392.85,3362.66,3378.3,105613851,165099018642.5,-0.24
2024-01-04,000300.SH,3375.02,3375.02,3323.86,3347.05,106721013,165512262698.6,-0.93
2024-01-05,000300.SH,3341.31,3372.54,3313.55,3329.11,126400574,182251664948.1,-0.54
2024-01-08,000300.SH,3322.61,3333.52,3283.34,3286.06,117429485,170761644873.4,-1.29
2024-01-09,000300.SH,3286.71,3304.6,3273.84,3292.5,109330465,172276323045.2,0.2
2024-01-10,000300.SH,3281.67,3312.92,3268.25,3277.13,94199366,159777649838.1,-0.47
2024-01-11,000300.SH,3275.31,3311.11,3266.79,3295.67,108789735,180978533555.5,0.57
2024-01-12,000300.SH,3284.36,3310.47,3279.7,3284.17,96853555,156536022291.9,-0.35
2024-01-15,000300.SH,3270.1,3306.92,3261.27,3280.92,88851530,144331722430.6,-0.1
2024-01-16,000300.SH,3272.57,3300.88,3260.44,3300.88,113276665,175650587488.9,0.61
2024-01-17,000300.SH,3291.14,3291.14,3229.08,3229.08,108769728,173516385174.7,-2.18
2024-01-18,000300.SH,3214.28,3279.25,3171.63,3274.73,174909168,256784536828.0,1.41
2024-01-19,000300.SH,3261.24,3286.94,3251.81,3269.78,118501408,191261807098.8,-0.15
2024-01-22,000300.SH,3262.47,3281.42,3193.18,3218.9,148705628,225510031844.3,-1.56
2024-01-23,000300.SH,3208.43,3249.53,3188.13,3231.93,122012000,193791168624.2,0.4
2024-01-24,000300.SH,3245.96,3281.49,3190.47,3277.11,154371954,219036341624.5,1.4
2024-01-25,000300.SH,3274.34,3344.24,3269.79,3342.92,196833614,265521114954.3,2.01
2024-01-26,000300.SH,3326.65,3351.97,3315.13,3333.82,180664005,238144899501.0,-0.27
2024-01-29,000300.SH,3335.39,3351.37,3303.96,3303.96,184164795,244698013593.3,-0.9
2024-01-30,000300.SH,3283.9,3300.2,3244.97,3245.04,143649350,199592929911.7,-1.78
2024-01-31,000300.SH,3231.54,3252.15,3201.93,3215.35,153143469,215333349921.2,-0.91
2024-02-01,000300.SH,3202.26,3251.76,3191.9,3217.71,145516792,203815063232.5,0.07
2024-02-02,000300.SH,3219.87,3235.41,3108.35,3179.63,173758089,234495151557.0,-1.18
2024-02-05,000300.SH,3164.25,3233.85,3111.52,3200.42,203042970,279713141507.2,0.65
2024-02-06,000300.SH,3185.25,3314.51,3182.82,3311.69,202713099,285042020945.9,3.48
2024-02-07,000300.SH,3314.03,3343.63,3289.67,3343.63,216647933,297997664575.2,0.96
2024-02-08,000300.SH,3351.41,3367.21,3336.98,3364.93,189977578,270239765211.0,0.64
2024-02-19,000300.SH,3393.19,3403.81,3364.14,3403.81,183319800,267674145147.3,1.16
2024-02-20,000300.SH,3395.19,3415.89,3380.1,3410.85,140734581,218459281946.0,0.21
2024-02-21,000300.SH,3390.36,3500.13,3383.69,3456.87,188879362,291823544608.2,1.35
2024-02-22,000300.SH,3450.35,3486.68,3448.41,3486.67,141020784,225098128872.7,0.86
2024-02-23,000300.SH,3491.34,3507.56,3472.97,3489.74,144821273,232926057113.9,0.09
2024-02-26,000300.SH,3485.54,3492.61,3445.39,3453.36,151248331,238951637715.0,-1.04
2024-02-27,000300.SH,3440.05,3494.79,3437.44,3494.79,139528246,244488721250.8,1.2
2024-02-28,000300.SH,3499.83,3521.66,3450.26,3450.26,189837548,328300591256.4,-1.27
2024-02-29,000300.SH,3437.9,3516.08,3437.9,3516.08,155944532,281971899288.2,1.91
2024-03-01,000300.SH,3515.06,3544.36,3503.46,3537.8,162709570,288575619224.5,0.62
2024-03-04,000300.SH,3538.37,3548.69,3519.76,3540.87,163244613,297719931809.3,0.09
2024-03-05,000300.SH,3524.96,3570.69,3519.08,3565.51,166422389,299895929709.1,0.7
2024-03-06,000300.SH,3556.53,3577.39,3545.1,3551.05,143076613,248294165707.4,-0.41
2024-03-07,000300.SH,3548.1,3569.92,3522.9,3529.72,148110510,251839533036.1,-0.6
2024-03-08,000300.SH,3529.55,3548.51,3511.58,3544.91,125792664,225379101014.0,0.43
2024-03-11,000300.SH,3545.94,3589.26,3542.28,3589.26,148202825,286418582154.6,1.25
2024-03-12,000300.SH,3592.58,3605.7,3574.21,3597.49,180685560,339997042337.1,0.23
2024-03-13,000300.SH,3594.42,3594.42,3563.37,3572.36,144590590,266898756379.8,-0.7
2024-03-14,000300.SH,3571.79,3597.46,3545.61,3562.22,140962722,263803609335.2,-0.28
2024-03-15,000300.SH,3554.91,3572.81,3533.68,3569.99,138316044,243991558366.2,0.22
2024-03-18,000300.SH,3577.06,3604.05,3573.4,3603.53,160379438,295314840611.0,0.94
2024-03-19,000300.SH,3593.34,3610.74,3577.19,3577.63,145571786,259553448413.4,-0.72
2024-03-20,000300.SH,3568.72,3589.55,3568.43,3585.38,129528966,223752103886.2,0.22
2024-03-21,000300.SH,3593.07,3601.11,3575.03,3581.09,130743377,233162492629.6,-0.12
2024-03-22,000300.SH,3571.27,3575.72,3522.84,3545.0,139227358,248850931022.2,-1.01
2024-03-25,000300.SH,3536.71,3564.96,3525.76,3525.76,137015724,233747256235.1,-0.54
2024-03-26,000300.SH,3526.68,3547.65,3518.6,3543.75,126209535,226730734844.1,0.51
2024-03-27,000300.SH,3538.72,3542.96,3502.79,3502.79,128626763,216404726565.9,-1.16
2024-03-28,000300.SH,3498.48,3551.21,3489.39,3520.96,143334717,232530806334.5,0.52
2024-03-29,000300.SH,3516.88,3538.24,3516.88,3537.48,128643290,201749384356.7,0.47
2024-04-01,000300.SH,3551.58,3600.92,3551.58,3595.65,162776561,251637272845.1,1.64
2024-04-02,000300.SH,3593.22,3596.19,3568.75,3580.68,141272972,220207515542.9,-0.42
2024-04-03,000300.SH,3578.68,3582.43,3558.87,3567.8,135592331,214222897580.1,-0.36
2024-04-08,000300.SH,3553.56,3567.82,3535.77,3536.41,155304283,243249251687.2,-0.88
2024-04-09,000300.SH,3533.38,3543.71,3518.86,3533.49,129670942,195893525574.7,-0.08
2024-04-10,000300.SH,3528.97,3531.23,3490.05,3504.71,128790274,199754768626.1,-0.81
2024-04-11,000300.SH,3485.03,3520.59,3484.93,3504.24,126534395,200293481885.7,-0.01
2024-04-12,000300.SH,3505.75,3516.7,3470.06,3475.84,128921116,208566204702.9,-0.81
2024-04-15,000300.SH,3473.5,3552.41,3473.5,3549.08,183941250,267472484531.0,2.11
2024-04-16,000300.SH,3533.36,3545.5,3503.62,3511.11,176153065,253315972272.3,-1.07
2024-04-17,000300.SH,3509.13,3565.94,3498.03,3565.4,168466398,244987812753.2,1.55
2024-04-18,000300.SH,3550.56,3602.79,3547.6,3569.8,178574105,261329927268.4,0.12
2024-04-19,000300.SH,3550.61,3560.95,3529.32,3541.66,147281505,226229520121.3,-0.79
2024-04-22,000300.SH,3536.18,3558.16,3528.02,3530.9,150579042,229511183118.0,-0.3
2024-04-23,000300.SH,3525.67,3533.76,3499.98,3506.22,143113504,213257232210.7,-0.7
2024-04-24,000300.SH,3514.01,3524.54,3495.65,3521.62,121739851,195299919746.2,0.44
2024-04-25,000300.SH,3510.64,3543.97,3505.2,3530.28,115187722,184524622000.7,0.25
2024-04-26,000300.SH,3531.96,3588.4,3531.96,3584.27,197216133,308045062250.7,1.53
2024-04-29,000300.SH,3584.54,3645.82,3578.76,3623.91,222721381,358709708837.6,1.11
2024-04-30,000300.SH,3619.26,3630.71,3604.39,3604.39,191296899,286674161757.8,-0.54
2024-05-06,000300.SH,3654.05,3668.26,3645.74,3657.88,208018007,333270472130.0,1.48
2024-05-07,000300.SH,3657.0,3665.68,3648.38,3659.01,164834286,247368347983.1,0.03
2024-05-08,000300.SH,3650.75,3650.94,3628.7,3630.22,130035336,199923460349.8,-0.79
2024-05-09,000300.SH,3630.41,3669.76,3630.41,3664.56,146559017,232694927940.9,0.95
2024-05-10,000300.SH,3669.09,3674.61,3641.76,3666.28,150720536,233730562074.5,0.05
2024-05-13,000300.SH,3646.35,3673.62,3634.6,3664.69,157267455,249688465072.9,-0.04
2024-05-14,000300.SH,3668.23,3675.78,3646.71,3657.05,133406490,214643548213.8,-0.21
2024-05-15,000300.SH,3651.05,3656.53,3624.0,3626.06,123522764,191480969435.1,-0.85
2024-05-16,000300.SH,3636.6,3657.48,3626.33,3640.36,154630503,240288953464.0,0.39
2024-05-17,000300.SH,3638.56,3677.97,3627.45,3677.97,164570417,247729525192.2,1.03
2024-05-20,000300.SH,3682.06,3703.03,3677.44,3690.96,184609423,279971341520.4,0.35
2024-05-21,000300.SH,3682.29,3684.61,3665.15,3676.16,130678283,196575354877.9,-0.4
2024-05-22,000300.SH,3675.65,3691.88,3667.09,3684.45,151914605,230839373504.9,0.23
2024-05-23,000300.SH,3672.84,3674.37,3633.51,3641.79,142572990,214205039030.7,-1.16
2024-05-24,000300.SH,3630.83,3650.87,3599.67,3601.48,124791177,195344742155.9,-1.11
2024-05-27,000300.SH,3606.65,3638.15,3603.71,3635.71,131272644,206143742535.6,0.95
2024-05-28,000300.SH,3633.25,3638.97,3605.92,3609.17,123532238,184381267979.1,-0.73
2024-05-29,000300.SH,3609.07,3633.2,3602.82,3613.52,115906321,179072813277.6,0.12
2024-05-30,000300.SH,3607.05,3624.04,3586.75,3594.31,122602995,193069647050.8,-0.53
2024-05-31,000300.SH,3599.82,3614.64,3579.92,3579.92,112462019,180707602931.7,-0.4
2024-06-03,000300.SH,3577.38,3600.6,3567.87,3588.75,141054591,222756928174.4,0.25
2024-06-04,000300.SH,3583.81,3622.5,3580.28,3615.67,124545096,195790966233.8,0.75
2024-06-05,000300.SH,3610.36,3623.32,3594.11,3594.79,110906766,182639598874.9,-0.58
2024-06-06,000300.SH,3602.16,3625.01,3584.17,3592.25,137893517,226764072639.2,-0.07
2024-06-07,000300.SH,3594.63,3603.07,3552.09,3574.11,131103026,213001530097.8,-0.5
2024-06-11,000300.SH,3555.82,3565.31,3525.89,3542.88,134522306,219282337214.0,-0.87
2024-06-12,000300.SH,3539.09,3551.17,3531.57,3544.12,122813729,200722600631.1,0.04
2024-06-13,000300.SH,3548.22,3551.08,3520.18,3526.13,123245462,214792338449.3,-0.51
2024-06-14,000300.SH,3514.8,3547.15,3503.52,3541.53,171516942,283768816845.0,0.44
2024-06-17,000300.SH,3521.44,3540.79,3520.74,3536.2,137433438,232293851893.9,-0.15
2024-06-18,000300.SH,3533.49,3551.71,3532.78,3545.59,123671838,208824124156.0,0.27
2024-06-19,000300.SH,3543.36,3543.36,3524.84,3528.75,106642797,184790298728.6,-0.47
2024-06-20,000300.SH,3525.17,3533.99,3500.13,3503.28,111617396,186515776574.7,-0.72
2024-06-21,000300.SH,3496.34,3505.51,3473.83,3495.62,109186615,182736735066.8,-0.22
2024-06-24,000300.SH,3473.64,3505.78,3471.22,3476.81,117990184,195787549313.6,-0.54
2024-06-25,000300.SH,3475.16,3483.22,3440.65,3457.9,118448118,190886336762.4,-0.54
2024-06-26,000300.SH,3451.54,3487.4,3442.3,3480.26,105898861,171538111702.3,0.65
2024-06-27,000300.SH,3467.29,3471.14,3452.58,3454.12,114918101,174112508796.1,-0.75
2024-06-28,000300.SH,3443.67,3484.68,3443.67,3461.66,135409153,205118806811.8,0.22
2024-07-01,000300.SH,3458.26,3479.95,3443.81,3478.18,121829770,188018227774.8,0.48
2024-07-02,000300.SH,3472.45,3488.32,3464.52,3471.79,121650121,186104752421.9,-0.18
2024-07-03,000300.SH,3471.56,3478.7,3454.99,3463.41,103857108,163035359363.1,-0.24
2024-07-04,000300.SH,3468.3,3483.31,3444.93,3445.81,104429909,159477153569.5,-0.51
2024-07-05,000300.SH,3443.36,3451.04,3399.67,3431.06,116609659,181416567402.8,-0.43
2024-07-08,000300.SH,3420.8,3428.04,3395.91,3401.76,115528218,177559765827.5,-0.85
2024-07-09,000300.SH,3396.8,3448.93,3384.81,3439.81,131629443,215048837819.8,1.12
2024-07-10,000300.SH,3425.88,3447.51,3423.65,3428.97,127203456,198149476849.1,-0.32
2024-07-11,000300.SH,3451.04,3473.98,3438.12,3468.17,145892466,237551298481.6,1.14
2024-07-12,000300.SH,3459.96,3479.1,3457.36,3472.4,130874589,205055553856.4,0.12
2024-07-15,000300.SH,3462.61,3481.46,3460.79,3476.25,118517083,171584915379.5,0.11
2024-07-16,000300.SH,3466.85,3500.29,3464.37,3498.28,120659017,200456285077.5,0.63
2024-07-17,000300.SH,3494.21,3514.48,3486.22,3501.58,131802062,222830802528.4,0.09
2024-07-18,000300.SH,3483.3,3522.8,3475.72,3520.93,123768199,215783795702.6,0.55
2024-07-19,000300.SH,3500.81,3545.34,3493.07,3539.02,132447975,228065104129.0,0.51
2024-07-22,000300.SH,3538.4,3540.19,3494.01,3514.92,132126337,217457320403.9,-0.68
2024-07-23,000300.SH,3509.79,3509.79,3439.88,3439.88,128897660,202857560168.7,-2.13
2024-07-24,000300.SH,3432.35,3451.42,3408.41,3418.17,127036263,184884499786.8,-0.63
2024-07-25,000300.SH,3404.61,3415.86,3383.8,3399.27,131022242,190131464834.7,-0.55
2024-07-26,000300.SH,3403.71,3420.82,3388.66,3409.29,124195558,187853329477.8,0.29
2024-07-29,000300.SH,3404.37,3408.5,3388.84,3390.74,109787786,166697103823.1,-0.54
2024-07-30,000300.SH,3380.69,3380.69,3352.8,3369.38,104952164,165442824490.2,-0.63
2024-07-31,000300.SH,3364.03,3445.0,3364.03,3442.08,171959177,258249147336.4,2.16
2024-08-01,000300.SH,3443.14,3448.34,3419.19,3419.27,136323464,206038002517.7,-0.66
2024-08-02,000300.SH,3393.92,3419.1,3380.96,3384.39,116615255,179671192427.6,-1.02
2024-08-05,000300.SH,3362.11,3409.03,3343.32,3343.32,142812516,223631266563.2,-1.21
2024-08-06,000300.SH,3367.35,3376.8,3318.63,3342.98,119340279,181724693847.5,-0.01
2024-08-07,000300.SH,3338.59,3362.38,3329.97,3341.49,95084377,145078975325.5,-0.04
2024-08-08,000300.SH,3332.43,3364.79,3320.84,3342.94,92495695,149482926226.5,0.04
2024-08-09,000300.SH,3358.13,3366.67,3331.63,3331.63,91511626,142852166559.2,-0.34
2024-08-12,000300.SH,3327.56,3338.08,3319.89,3325.86,79938754,117544892726.5,-0.17
2024-08-13,000300.SH,3328.01,3335.01,3310.19,3334.39,84489679,125259155343.0,0.26
2024-08-14,000300.SH,3332.79,3332.79,3309.1,3309.24,78742407,118181952004.2,-0.75
2024-08-15,000300.SH,3301.45,3356.76,3297.97,3341.95,104766399,149249335425.5,0.99
2024-08-16,000300.SH,3342.03,3356.91,3335.62,3345.63,96519083,135885323083.0,0.11
2024-08-19,000300.SH,3344.26,3375.96,3343.71,3356.97,105571110,143421671337.3,0.34
2024-08-20,000300.SH,3361.64,3362.33,3321.64,3332.7,101668331,137910585091.6,-0.72
2024-08-21,000300.SH,3322.91,3339.44,3307.99,3321.64,89954751,130005992563.3,-0.33
2024-08-22,000300.SH,3322.87,3327.7,3305.25,3313.14,100366504,147702791560.6,-0.26
2024-08-23,000300.SH,3305.93,3336.24,3305.64,3327.19,89525774,132680886499.7,0.42
2024-08-26,000300.SH,3330.72,3336.53,3311.57,3324.22,93990772,139070603958.0,-0.09
2024-08-27,000300.SH,3315.69,3320.57,3299.56,3305.33,95808157,129755962864.4,-0.57
2024-08-28,000300.SH,3298.91,3305.35,3274.59,3286.5,92696650,135982310964.6,-0.57
2024-08-29,000300.SH,3273.54,3290.79,3269.53,3277.68,130702333,174340106392.6,-0.27
2024-08-30,000300.SH,3273.75,3351.63,3273.65,3321.43,188695443,268376041210.9,1.33
2024-09-02,000300.SH,3307.54,3307.76,3264.76,3265.01,147612353,194409996348.3,-1.7
2024-09-03,000300.SH,3261.74,3281.59,3261.19,3273.43,122897306,155089488535.3,0.26
2024-09-04,000300.SH,3253.9,3272.99,3249.98,3252.16,104832482,140070063076.9,-0.65
2024-09-05,000300.SH,3252.96,3266.88,3247.17,3257.76,97109450,134618198893.7,0.17
2024-09-06,000300.SH,3261.15,3274.81,3231.07,3231.35,88400417,121541545905.7,-0.81
2024-09-09,000300.SH,3214.8,3222.93,3180.93,3192.95,108673069,146516054460.5,-1.19
2024-09-10,000300.SH,3193.46,3205.1,3171.79,3195.76,97290078,133610476131.5,0.09
2024-09-11,000300.SH,3187.05,3197.34,3174.03,3186.13,102482110,141513837135.3,-0.3
2024-09-12,000300.SH,3189.43,3201.55,3171.88,3172.47,92868657,136387244637.1,-0.43
2024-09-13,000300.SH,3174.03,3188.91,3159.25,3159.25,88336677,137448911397.4,-0.42
2024-09-18,000300.SH,3158.82,3179.9,3145.79,3171.01,84722814,123452147968.9,0.37
2024-09-19,000300.SH,3178.4,3213.84,3149.79,3196.04,125439272,181785109712.7,0.79
2024-09-20,000300.SH,3192.43,3207.99,3173.22,3201.05,118064098,163985054956.9,0.16
2024-09-23,000300.SH,3200.87,3230.16,3198.02,3212.76,95344855,143876166860.9,0.37
2024-09-24,000300.SH,3244.65,3351.97,3222.49,3351.91,204072217,307879526847.5,4.33
2024-09-25,000300.SH,3403.7,3465.49,3393.44,3401.53,241564255,356862584939.5,1.48
2024-09-26,000300.SH,3399.32,3545.32,3391.68,3545.32,243134010,373983643044.8,4.23
2024-09-27,000300.SH,3617.92,3708.5,3596.58,3703.68,265487774,466692757481.8,4.47
2024-09-30,000300.SH,3846.65,4038.7,3796.5,4017.85,510217707,862528807419.2,8.48
2024-10-08,000300.SH,4450.37,4450.37,4094.35,4256.1,589867894,1130387437130.1,5.93
2024-10-09,000300.SH,4168.84,4197.6,3942.51,3955.98,482269295,1029032062193.4,-7.05
2024-10-10,000300.SH,3979.61,4098.5,3912.77,3997.79,395053099,717952217512.6,1.06
2024-10-11,000300.SH,3969.76,3978.24,3847.12,3887.17,274096505,484998267295.6,-2.77
2024-10-14,000300.SH,3915.22,3979.54,3868.78,3961.34,307578993,534076602215.5,1.91
2024-10-15,000300.SH,3942.53,3967.87,3855.99,3855.99,242486448,434410916723.5,-2.66
2024-10-16,000300.SH,3806.14,3877.75,3805.09,3831.59,218866407,377301324426.4,-0.63
2024-10-17,000300.SH,3853.84,3882.07,3787.75,3788.22,212313820,369170521634.5,-1.13
2024-10-18,000300.SH,3780.31,3998.21,3765.16,3925.23,312958834,620673701894.1,3.62
2024-10-21,000300.SH,3946.9,3979.26,3896.17,3935.2,291185634,600109598949.1,0.25
2024-10-22,000300.SH,3923.74,3965.91,3917.52,3957.78,223433396,442881846813.7,0.57
2024-10-23,000300.SH,3955.32,4012.18,3939.1,3973.21,245873949,469120806272.1,0.39
2024-10-24,000300.SH,3950.9,3957.98,3914.09,3928.83,174724062,340486884485.3,-1.12
2024-10-25,000300.SH,3931.32,3992.89,3921.94,3956.42,210694885,412231378430.4,0.7
2024-10-28,000300.SH,3953.11,3964.16,3917.2,3964.16,216160415,390450182338.0,0.2
2024-10-29,000300.SH,3970.01,3991.31,3921.58,3924.65,217293984,429625020404.8,-1.0
2024-10-30,000300.SH,3904.16,3926.06,3864.31,3889.45,219436626,385010582233.2,-0.9
2024-10-31,000300.SH,3888.42,3923.9,3859.11,3891.04,300636718,515533818945.0,0.04
2024-11-01,000300.SH,3882.46,3933.22,3879.96,3890.02,307986481,476472952028.3,-0.03
2024-11-04,000300.SH,3897.71,3944.76,3891.21,3944.76,229239060,381048606068.1,1.41
2024-11-05,000300.SH,3937.62,4046.7,3925.41,4044.57,316862794,580971852723.7,2.53
2024-11-06,000300.SH,4051.29,4091.7,4002.5,4024.28,335807938,639124093911.8,-0.5
2024-11-07,000300.SH,3987.27,4146.15,3984.67,4145.7,341436414,658145920948.1,3.02
2024-11-08,000300.SH,4192.08,4200.91,4094.16,4104.05,332350385,688446559772.2,-1.0
2024-11-11,000300.SH,4066.93,4132.51,4048.04,4131.13,289594227,625605935910.0,0.66
2024-11-12,000300.SH,4133.35,4181.71,4060.79,4085.74,297778086,660380524820.6,-1.1
2024-11-13,000300.SH,4059.59,4121.07,4059.59,4110.89,240484099,512734303119.4,0.62
2024-11-14,000300.SH,4101.22,4118.17,4034.94,4039.62,230152784,464157560755.1,-1.73
2024-11-15,000300.SH,4025.65,4049.07,3968.83,3968.83,247399463,474079686588.2,-1.75
2024-11-18,000300.SH,3982.1,4034.06,3931.19,3950.38,306777946,472408054830.7,-0.46
2024-11-19,000300.SH,3954.6,3979.15,3896.75,3976.89,242946465,402610970340.1,0.67
2024-11-20,000300.SH,3966.12,4001.08,3958.34,3985.77,184599372,347577693099.5,0.22
2024-11-21,000300.SH,3979.46,3999.57,3966.07,3989.3,166125927,324235010779.0,0.09
2024-11-22,000300.SH,3984.24,3990.26,3865.7,3865.7,216285809,397566831847.8,-3.1
2024-11-25,000300.SH,3875.61,3889.71,3812.32,3848.09,190702953,349006773180.1,-0.46
2024-11-26,000300.SH,3836.26,3875.23,3833.28,3840.18,149892441,264403254830.0,-0.21
2024-11-27,000300.SH,3829.34,3907.16,3817.91,3907.04,174136096,320632355477.0,1.74
2024-11-28,000300.SH,3904.25,3908.39,3866.01,3872.55,150117291,286432871223.5,-0.88
2024-11-29,000300.SH,3869.89,3962.7,3869.89,3916.58,187656713,375262017919.2,1.14
2024-12-02,000300.SH,3909.7,3955.13,3902.17,3947.63,197289784,368591235990.8,0.79
2024-12-03,000300.SH,3946.7,3963.95,3922.84,3951.89,182496867,327295048700.8,0.11
2024-12-04,000300.SH,3948.13,3957.37,3917.75,3930.56,174626318,312040419081.5,-0.54
2024-12-05,000300.SH,3916.56,3936.34,3910.08,3921.59,138534038,257716297996.5,-0.23
2024-12-06,000300.SH,3923.9,3995.12,3923.9,3973.14,192057907,351751735425.0,1.31
2024-12-09,000300.SH,3970.66,3995.51,3948.42,3966.57,175959958,308227216702.9,-0.17
2024-12-10,000300.SH,4094.05,4098.38,3988.97,3995.64,253463795,487278042807.0,0.73
2024-12-11,000300.SH,3988.02,4005.33,3977.35,3988.83,177252846,310713317895.4,-0.17
2024-12-12,000300.SH,3987.15,4031.74,3981.35,4028.5,181621777,333667518401.4,0.99
2024-12-13,000300.SH,4000.99,4000.99,3931.74,3933.18,230353079,421478609274.0,-2.37
2024-12-16,000300.SH,3930.78,3938.76,3901.65,3911.84,178511251,327619081581.3,-0.54
2024-12-17,000300.SH,3908.13,3955.95,3908.13,3922.03,160939090,306037370846.7,0.26
2024-12-18,000300.SH,3934.54,3956.14,3933.97,3941.89,157738321,276825381224.3,0.51
2024-12-19,000300.SH,3911.89,3954.35,3899.75,3945.46,161081040,321771606933.4,0.09
2024-12-20,000300.SH,3937.47,3958.63,3923.26,3927.74,154986496,332143276397.7,-0.45
2024-12-23,000300.SH,3928.15,3965.85,3928.15,3933.57,190067362,354063425208.7,0.15
2024-12-24,000300.SH,3934.94,3985.86,3934.73,3983.69,161494589,310384873294.2,1.27
2024-12-25,000300.SH,3987.96,4007.76,3969.48,3985.63,159390747,299295145793.1,0.05
2024-12-26,000300.SH,3981.73,3991.53,3965.55,3987.48,143425286,305769929402.7,0.05
2024-12-27,000300.SH,3987.02,4007.13,3970.94,3981.03,169268666,345011075199.0,-0.16
2024-12-30,000300.SH,3976.7,4005.78,3976.7,3999.05,164612485,322699390191.8,0.45
2024-12-31,000300.SH,3995.87,4004.35,3934.91,3934.91,183928397,347880439530.4,-1.6
