date,momentum_60,reversal_20,volatility_20,liquidity_20
2021-01-04,,,,
2021-01-05,,,,
2021-01-06,,,,
2021-01-07,,,,
2021-01-08,,,,
2021-01-11,,,,
2021-01-12,,,,
2021-01-13,,,,
2021-01-14,,,,
2021-01-15,,,,
2021-01-18,,,,
2021-01-19,,,,
2021-01-20,,,,
2021-01-21,,,,
2021-01-22,,,,
2021-01-25,,,,
2021-01-26,,,,
2021-01-27,,,,
2021-01-28,,,,
2021-01-29,,,,0.053463889576250166
2021-02-01,,-0.14117757217291788,0.35701917190432203,0.2926032041111561
2021-02-02,,-0.24443181121660126,-0.020539250499489823,0.05496900228473133
2021-02-03,,-0.11081296491299512,-0.1121529456475081,0.06843323029804843
2021-02-04,,0.013467684811107354,-0.34571092683414534,-0.05514321485449529
2021-02-05,,-0.11544413357422798,0.25770234440404616,0.20372496360339362
2021-02-08,,0.09192774930144518,0.4627818528050608,0.22193668796669436
2021-02-09,,-0.03801755971031684,0.11360454346153763,0.22111413968654606
2021-02-10,,0.2165628724957567,-0.11274972677883391,-0.33853935971100413
2021-02-18,,0.48768219338618307,-0.41029423279340166,-0.34140080280531204
2021-02-19,,0.1167328079498329,-0.26394908873781614,-0.43088313020224295
2021-02-22,,-0.08980191091774835,-0.08476151099418192,-0.01701723030321222
2021-02-23,,0.4456598463891843,-0.4582532914659918,-0.3516267288624434
2021-02-24,,-0.10287962555325621,-0.2789618526357131,-0.07610484728398105
2021-02-25,,0.06628818372523634,-0.2499089960868424,-0.21078810555521454
2021-02-26,,0.15587219968849714,0.4554537727145103,0.24399362381536685
2021-03-01,,0.0890890651474605,-0.14390493821797484,-0.18952299643308618
2021-03-02,,-0.12022091267635394,-0.07062595124195803,0.0783397220993096
2021-03-03,,-0.4145084808534185,-0.5102288747001906,-0.5362207198372965
2021-03-04,,0.3283338812097269,-0.1799496391734623,-0.15143298665004154
2021-03-05,,-0.4640601305568236,-0.5068030137681867,-0.47522537435679474
2021-03-08,,-0.22019958216865868,-0.23447190611504717,-0.13877112309974837
2021-03-09,,0.4799567724708404,0.31922359496949787,0.3591335812226985
2021-03-10,,0.0413820481102504,0.4179989616212495,0.2538536702040373
2021-03-11,,-0.11385066102725049,-0.03757194537362662,-0.02885879857559714
2021-03-12,,-0.5639382888285166,-0.42143253618361737,-0.3363590198759594
2021-03-15,,0.19466276201693933,-0.0808843282563166,0.02451051740782233
2021-03-16,,0.5171305911631741,0.30625468420021096,0.16643611792059454
2021-03-17,,0.36373143164110733,0.327353708810182,0.22224714673195256
2021-03-18,,-0.311578284181802,-0.32044271089700643,-0.48424690947525906
2021-03-19,,-0.1994010364825413,-0.15930093806980436,-0.13871188006849824
2021-03-22,,0.015013643330874167,-0.3337381851394499,-0.15069616717993525
2021-03-23,,-0.27260305333034746,-0.3936916533908797,-0.270413016446039
2021-03-24,,0.39024721408725205,0.22875518736037564,0.0826054079054749
2021-03-25,,0.326267491611936,0.5343915930556284,0.36323341878958887
2021-03-26,,-0.13749576515294096,-0.04130472637933202,-0.08234489763274652
2021-03-29,,0.37434721598945275,0.2917107320106297,0.2996717669451965
2021-03-30,,-0.20817455127774423,-0.24550136052934948,-0.3119159024842606
2021-03-31,,0.38846893261213916,0.43292716559795313,0.3463314109266364
2021-04-01,,0.2426863114315138,0.2556151136236766,0.14603794379426502
2021-04-02,,0.13426868621358207,0.0324721309802198,-0.0787487463717585
2021-04-06,0.20367565010989136,0.021223278665145652,-0.05384583966756927,-0.22569802880217057
2021-04-07,-0.04253643020228709,-0.12718848717188608,0.13583855236734932,0.1687530958992868
2021-04-08,0.165980189072259,0.010697347767305106,-0.28285928474957633,-0.3038614460429149
2021-04-09,0.24169622741339725,-0.13576846947246154,-0.3847671138449119,-0.24699627414403258
2021-04-12,-0.27174067062643775,0.13164754953076122,0.20782335955156908,0.2724569333629016
2021-04-13,-0.24694582307883498,0.014129622522465985,0.36424018589932344,0.14915903449471687
2021-04-14,0.0536357960937433,-0.036215670893451284,0.14582878081536457,-0.04242452660889453
2021-04-15,-0.03433368308137514,0.12423665855537296,-0.2690959105459216,-0.28658802352459345
2021-04-16,-0.3114326803669576,0.049360339813915695,0.3356418859885515,0.3526274341075758
2021-04-19,0.14180024715956796,0.0011934555463239838,0.11954483573166563,0.11805117406205301
2021-04-20,0.06453863834784453,-0.10657661009858602,0.01689009851385551,0.13657356662104578
2021-04-21,-0.13789750848614268,-0.05338043188908175,0.1105685889785836,0.029399212639205325
2021-04-22,-0.08229039754927334,-0.1474072087487204,0.26606245570242537,0.35667426891679244
2021-04-23,0.1760841719750253,-0.08706640459178941,0.0738589489506042,-0.04160528416848327
2021-04-26,0.05422441144803394,-0.20989727554227078,0.12531364612672255,0.15679230993923166
2021-04-27,-0.024120210692735098,-0.23290348508845612,0.278414368300674,0.14183688994415697
2021-04-28,0.025768069386856763,0.09401010345429238,-0.2186127855100098,-0.036890686382325705
2021-04-29,0.08518078022782649,-0.2196213382135195,0.13925544565401018,0.09327823754372357
2021-04-30,0.08815058413721139,0.07721038879762793,-0.12093283317299378,-0.2272321450472434
2021-05-06,0.37253021265191094,-0.005718371318480688,-0.33902864504852886,-0.2355501930067312
2021-05-07,0.28164136639491755,-0.2896267361407902,0.1065247304207333,0.11587092444116452
2021-05-10,-0.17716813900972048,0.2861836536728062,-0.09835698976056195,-0.07864861829889166
2021-05-11,0.019972523014540288,-0.2050531866216455,0.2122578014187159,0.15900356868211366
2021-05-12,-0.03378873893596474,0.1496123074273497,-0.19979500592645905,-0.23330940512642692
2021-05-13,-0.3218828225172892,0.26274921932012,0.03117220784686878,0.06518480232821097
2021-05-14,-0.2882357661150315,-0.11517000561103681,0.2857138274937407,0.3585531086358005
2021-05-17,0.07630366649683715,-0.14965940589179022,0.030962043532707897,-0.011656854684712024
2021-05-18,-0.1672523372034058,0.0026519612905021492,0.18019070959321598,0.07495231385302215
2021-05-19,-0.14968768430699994,0.0757153166387928,-0.1106491126355453,-0.07776353703280771
2021-05-20,0.2198773897935402,-0.056343853692325196,0.028163172153294492,0.004858890644600243
2021-05-21,-0.20086475837189652,0.03932970702643436,0.006302515864928257,-0.00814214419100327
2021-05-24,-0.25101956764954897,-0.026987185414695497,0.20238340643056643,0.24842232146744941
2021-05-25,-0.20009694071078812,0.31070501535526707,-0.21302998189345992,-0.112627036615673
2021-05-26,-0.13374656650360012,0.15952118322827752,0.12555203167716453,-0.059799947198766724
2021-05-27,0.04674823812466176,-0.20927868477302403,0.02036592570482849,0.1511271436498489
2021-05-28,0.09394043341060684,-0.16353901747862432,0.35317856979436274,0.14708320332490185
2021-05-31,-0.1193518254848561,0.164296476086733,0.04394429875240937,0.03761614849271025
2021-06-01,-0.059528967830210534,0.15854528105181054,-0.352742445092938,-0.18770373205871688
2021-06-02,-0.12987964929815607,-0.02293764137398854,-0.28107357774336017,-0.162702174820307
2021-06-03,0.08862966636812225,-0.2549996837382373,0.018681882469211406,0.1087303939634637
2021-06-04,-0.004782396590657466,-0.06625093982718305,0.12263663496246041,-0.0825275825500643
2021-06-07,-0.1854867154349704,0.10474861473278134,-0.11157043509596276,-0.1725047433978364
2021-06-08,0.2135032415114167,0.04837646322139678,0.16563758518771063,0.11817556555428645
2021-06-09,0.2889216284146645,-0.2831485618337671,0.23975247815981074,0.13297925383691236
2021-06-10,0.09468925685238154,0.2399531436288043,-0.10049533003604541,-0.06830632128273986
2021-06-11,0.25836940451680435,-0.24779136640282837,0.11054748651872842,-0.06321215629285068
2021-06-15,-0.3939423302253238,0.26146384961019364,-0.46932450130593756,-0.43184842168775106
2021-06-16,0.43798293385270914,-0.3911011535389388,0.4499079597580554,0.15761118632319457
2021-06-17,0.1910164769421619,-0.043328257733294524,0.23182185776623646,0.2340761241931843
2021-06-18,0.12910608861588388,-0.17844983986725452,0.1495535292894368,-0.0461068203357873
2021-06-21,-0.12505592374857177,0.2735723716140674,-0.08744295464589878,0.058045149527818966
2021-06-22,0.061057934617133255,-0.07008165205295942,0.1996014282976674,0.0663486708388469
2021-06-23,-0.29243061205102694,0.19363585662594882,-0.25616012878090866,-0.12354648915247589
2021-06-24,0.07611650194433645,0.1438073237562464,0.1326430190539854,0.3358533776667102
2021-06-25,0.18463007191150332,-0.2093209479810878,0.24288110868250928,0.09881043038673293
2021-06-28,0.02573535044092534,0.01236741211780226,0.007778648571755231,-0.06020272541402083
2021-06-29,0.18190761853441803,-0.053921850901125744,0.1962853933828099,0.1567776841611938
2021-06-30,-0.23797586627804362,0.26926603980243435,-0.29897628920991776,-0.0025010206944495977
2021-07-01,-0.10662810478322315,-0.004442005215211616,-0.14351849518139798,-0.3637452878723116
2021-07-02,0.33850240155156575,-0.17619536828493984,0.2920430931583876,0.1441570236687219
2021-07-05,-0.31463525440321444,0.3092810921235044,-0.2615685468732809,-0.14101722247460574
2021-07-06,0.27291268481214837,-0.16165585758798146,0.3329640606818627,0.23335405584693936
2021-07-07,0.18314999083412659,-0.283739200606168,0.17224994925588918,0.060358453658744066
2021-07-08,-0.07172372828408216,0.12412713679277448,-0.030439571951041508,-0.06465074069747226
2021-07-09,0.2202055851037415,-0.015056685651205074,0.27391337692026746,0.24046263998189013
2021-07-12,-0.1789433263234513,0.26244359825845426,-0.11527706140801493,-0.12693521803173466
2021-07-13,-0.06723602597730455,0.040150610169580984,-0.05665738281380093,-0.1120851414882013
2021-07-14,0.2097513915243367,-0.03634447322128162,0.12852773047326813,0.22765760234724755
2021-07-15,-0.11193441470700516,0.06343519998482702,-0.1466433316375569,-0.23173106200953014
2021-07-16,0.07662126382344563,0.003034850935882327,0.040892146073947,0.10357115080266935
2021-07-19,0.05604632445501306,0.08499837394674013,0.1129646443697723,0.02368132883548092
2021-07-20,0.44118469034638025,-0.305219589793505,0.3967555271970662,0.28375584814566324
2021-07-21,0.03958090469358408,-0.049765008987378116,0.024336513662982995,-0.013572044783511601
2021-07-22,0.15531138067495556,-0.16427705295016481,-0.07264127811480244,-0.16142683118246598
2021-07-23,0.1795426318361228,-0.3114282179538614,-0.03635607579026013,-0.17670550274426433
2021-07-26,-0.044957004139848454,0.026986401781668758,-0.23152467940105795,-0.34772205136624634
2021-07-27,-0.1787076955541814,0.2835488801705544,-0.06499362614223135,0.006711942757065199
2021-07-28,0.516870504791478,-0.34038890345099077,0.6082323643326872,0.40530116338202443
2021-07-29,0.1483217890501913,-0.3108506236814588,0.06674857322451354,-0.012654675788200155
2021-07-30,-0.08008871080830927,0.08332171178380626,0.06953789519160125,0.12204123344652443
2021-08-02,-0.38193993548235683,0.42669641787343165,-0.25380480373477077,-0.17814926633894954
2021-08-03,0.5140258908474434,-0.46882849408266325,0.44461821896104803,0.34261515086807026
2021-08-04,-0.016072923055253895,0.02840508823548615,-0.1211518485621844,-0.055978773976851345
2021-08-05,-0.020095384090504223,-0.10232257043994583,0.018904849759823678,0.032821524823077444
2021-08-06,-0.4663948625825706,0.3542494083252453,-0.22742499842262637,-0.14813782835355557
2021-08-09,-0.36791060889440336,0.24439116802097166,-0.10827154799004551,-0.10145354710359832
2021-08-10,-0.0024339383810141214,-0.008680004656862136,-0.11744797818733449,-0.1608824436939875
2021-08-11,0.0513490974430941,-0.023108986894285914,-0.06443876721596781,-0.11600000058153793
2021-08-12,-0.2497595565248931,0.158488642123911,-0.24227834651361732,-0.09877799334058489
2021-08-13,-0.3369808240275473,0.27128631953298304,-0.24460390019975017,-0.22426291708347967
2021-08-16,-0.20439367803625397,-0.008826038620970065,-0.39196532597713546,-0.315557610758781
2021-08-17,-0.02039096458436313,-0.16627612148781692,-0.23527424006749473,-0.11274350730710185
2021-08-18,0.2381622411532657,0.11423530702826822,0.2164354925387987,0.08336828043566101
2021-08-19,0.3142253786577359,-0.31946681003638877,-0.0627180358350525,-0.156386421647613
2021-08-20,0.24622238371444907,-0.010879630450584203,0.3621927531083889,0.22555291662556476
2021-08-23,-0.008061436781257137,0.19026010914566047,0.14107573731031553,0.14048391547459538
2021-08-24,0.03124498021676009,0.05087668477618337,0.0176335682370062,-0.059782009592790855
2021-08-25,0.10920861554924599,-0.16435329208798258,-0.22434889373109487,-0.23942045546936166
2021-08-26,0.33974297099014533,-0.15694533284496145,0.2034894805398991,0.22888781455265073
2021-08-27,0.20839504067984352,-0.12270005431761767,0.06333397107581397,0.031520558192460364
2021-08-30,0.03573865970992655,-0.34055139075756274,-0.13408797459031982,-0.15042865058198554
2021-08-31,-0.4961525372367682,0.1933834942096921,-0.34238605883719414,-0.21331437335751993
2021-09-01,0.44116391626131796,-0.6097446589603375,0.06227158649426061,-0.04140480040084856
2021-09-02,-0.47920286054372085,0.30211711400703767,-0.38521142131074887,-0.33414540481679095
2021-09-03,-0.11601526343312162,0.32529276496904763,0.22277110101140643,0.1632142561351478
2021-09-06,0.29125825596087007,-0.38547171092260185,0.1110757013752921,0.16674559048707943
2021-09-07,-0.011790371124071485,-0.08281345667168065,-0.31424932217993135,-0.2331458278980547
2021-09-08,0.24202077190956403,-0.2789786725380063,-0.02206149250923956,-0.04697654179668935
2021-09-09,-0.13577670559902025,0.26554264914297576,0.02306618442450783,0.2049957599954026
2021-09-10,0.24366495553678874,-0.4008150709118344,-0.03969766938374257,-0.043822769918313256
2021-09-13,-0.27914077319800235,0.43672052214238755,0.07038420781174799,-0.0010107638975253063
2021-09-14,0.28518107266424686,-0.23321015643638307,0.022151617620835097,-0.06628538723407448
2021-09-15,-0.321987141843031,0.15692904599681656,-0.30879030996478135,-0.23919111776613733
2021-09-16,-0.29531862180429524,0.1463046594205402,0.030643338114853303,-0.036769780652348136
2021-09-17,0.42324151471791993,-0.2834043084885234,0.2249993344618485,0.0007812551211348538
2021-09-22,-0.08339831141214618,0.24183507820947023,-0.05447387531717835,-0.12446775894320483
2021-09-23,-0.526815608604564,0.39228445426327624,-0.207372916796169,-0.13348696252239375
2021-09-24,-0.5889545777698465,0.2885219155074815,-0.3460670507767289,-0.15792959624502848
2021-09-27,0.17051871199125088,-0.2845274909338442,0.018702754330906433,-0.14030121488672284
2021-09-28,-0.39211939364965787,-0.030674567081150583,-0.31636424456437706,-0.16229426605269198
2021-09-29,0.07562704111713199,0.22135792855495787,0.40666755668711974,0.21290185724272678
2021-09-30,-0.5175994191305251,-0.031451669495028554,-0.5068762236476326,-0.2483742387694837
2021-10-08,-0.1423114035596566,0.2392293855120536,-0.1963281098789301,-0.14844296758721784
2021-10-11,-0.2668981016929266,-0.25566519648110386,-0.24990724546219115,-0.11491936574609321
2021-10-12,-0.246206383644628,0.16409215144606545,0.015757515446193877,0.14345099053959956
2021-10-13,0.08661844117339766,0.2866780713007634,0.12396678347912733,0.019923805478605495
2021-10-14,0.09960724227316207,0.05868333287485442,0.1813876686706618,0.227440023057062
2021-10-15,0.5461386754711502,0.2842418019796713,0.3758293840174172,0.21673266778630731
2021-10-18,-0.25760813391511284,0.003335745216218387,-0.06818876690542747,0.07426567719951704
2021-10-19,0.13041209925670194,0.07981135746421472,0.1878803074496443,0.0990122111111589
2021-10-20,-0.028884975237607764,0.030521566841847425,-0.13103410419601724,-0.022181646393501394
2021-10-21,-0.3996639708829304,-0.08460975452674838,-0.2599902264873863,-0.02136255355558862
2021-10-22,0.38170173034034544,0.22649233690352466,0.3090998721846949,0.23828641872612957
2021-10-25,-0.17597856721672356,0.11838381070563493,-0.07762066919733901,-0.06859477976177936
2021-10-26,0.27176434420994294,-0.36864434451379163,0.19638563070428416,0.0990518123526177
2021-10-27,-0.05519841250719812,-0.2655645696855656,-0.16303678669462957,-0.04916681590743241
2021-10-28,-0.14401436103963103,-0.08631846631137013,0.031209479856285586,0.016219706352549466
2021-10-29,-0.17592921953449103,-0.05843928332198445,-0.15312873970757918,-0.255978131318164
2021-11-01,-0.17944833073633262,-0.18208627753287637,0.06645852106852074,-0.08406017282792907
2021-11-02,-0.07721224426727658,0.35029662876149337,-0.0020634546779490855,-0.03093138473692546
2021-11-03,-0.07684857419641586,-0.27239448615125655,0.10560820446974545,0.044021886173049106
2021-11-04,-0.2515880057365817,-0.25071714191444183,-0.26209094913527237,-0.16993299698299624
2021-11-05,0.1482940093102518,-0.006520073731109973,0.047880229830866955,0.08426637538271661
2021-11-08,-0.10669140049588098,-0.10117881859189105,-0.043313808645724386,-0.06950738570847907
2021-11-09,-0.22488743873671185,0.1296133204443664,-0.25115017137312184,-0.25445515805521557
2021-11-10,-0.1300242889008478,0.27044991864146956,-0.2226374844538909,-0.028008197674605197
2021-11-11,0.15989670191952196,-0.19456228451435562,-0.041692081044624164,-0.11713137678333999
2021-11-12,-0.2475965403878469,0.11331057259620304,-0.1860189034744512,-0.2441437204784116
2021-11-15,-0.0954851741552945,0.055987275810717566,-0.14965414217981293,-0.08353841371411064
2021-11-16,-0.05479509007181479,0.10263796740790916,0.34065614011283185,0.1371339771687158
2021-11-17,0.09946540421582864,0.17098577862116285,0.07248742106202273,-0.003570318577787386
2021-11-18,-0.1014978268338761,0.18948817097555426,-0.05174503004873512,-0.00705828362133609
2021-11-19,-0.010955829278661972,-0.11391844200237286,0.30674185344987265,0.23108395348914448
2021-11-22,-0.134720224542325,0.19005006397601243,-0.1376272566170782,-0.2568474203878405
2021-11-23,-0.13360059662088017,0.1447233701092265,-0.07016682762669603,-0.1627110166323131
2021-11-24,-0.07865755111541327,0.07242138078577923,-0.135893682864429,-0.10703455476841538
2021-11-25,-0.1368880560002926,0.10136487230842967,0.07195249248904315,0.0975246881400452
2021-11-26,0.16873987654238323,-0.006933182003916666,0.08082885557022264,0.10682697893592802
2021-11-29,-0.13842921650889023,0.05435046706824537,-0.03371979781024079,-0.12273405969457939
2021-11-30,-0.05608353327248834,0.10997402459113653,-0.26112569498624355,-0.18201237674014523
2021-12-01,-0.08204232913744323,-0.04849082348659371,-0.1533221305026754,0.012720231064061035
2021-12-02,0.15169784952788326,0.04600648418859064,0.043716634189552454,-0.04279292027342065
2021-12-03,-0.26640218379462893,0.09910764242552297,-0.23854433694894506,-0.057741213239813155
2021-12-06,-0.19513250430283785,0.20401615804069334,-0.2959854843751698,-0.18850825506891042
2021-12-07,0.17506515759491062,0.16592294809707683,0.3639722700463962,0.3191733573311929
2021-12-08,-0.11044174290738736,0.19685261680016192,-0.27205985617282585,-0.015232740664089282
2021-12-09,-0.013665145345246026,0.23730548661482068,0.09458334359772887,0.09065846429426375
2021-12-10,-0.10122039268151828,-0.225192812072805,0.12008438170151821,0.18779691822016184
2021-12-13,0.23800267163495498,0.09978339987542025,-0.04572234452012394,-0.04131282788524284
2021-12-14,-0.09861454359840684,-0.17014783214238696,-0.10284418075554363,-0.17899851481028856
2021-12-15,-0.2525379077309037,-0.03880403134936077,0.07109384938563362,0.033558582186347885
2021-12-16,-0.2791402807578918,-0.062432331408261016,-0.30435375431940265,-0.37690768059632684
2021-12-17,0.08215209680264084,-0.020997509049658688,-0.30805701323355217,-0.2538593090700836
2021-12-20,0.08500804866693502,-0.014664046721308402,0.09018052791185745,-0.045731624662193646
2021-12-21,0.20062868527538832,0.13836476658815025,0.09035394718176216,-0.09075660509471183
2021-12-22,0.12865039416014543,-0.2730360357623215,0.11235978034028742,0.14281027179010528
2021-12-23,0.27475687341653016,-0.08604886848937396,-0.15789640114544184,-0.21768212017228047
2021-12-24,-0.06254244168886261,-0.01827128489664946,-0.05905811236697301,-0.09857534351849756
2021-12-27,-0.1609187430135297,0.41280331320010333,-0.03319786007949253,0.14216760670238274
2021-12-28,-0.19014440235693658,0.2060211847499967,-0.13232295765044957,-0.31459265044256
2021-12-29,0.14967679999496314,-0.023460213506088276,0.13072616252446598,0.06012204695821628
2021-12-30,-0.042725731835525214,-0.03388980364005091,0.0344509815031008,-0.020033155015358413
2021-12-31,-0.06604249412983264,-0.14243913062881264,-0.3809090456365653,-0.2662018386804271
2022-01-04,-0.2791843940775642,-0.14116099962429013,-0.5267891312473639,-0.2620087879559031
2022-01-05,-0.07335193705151496,0.10136276769169111,0.09390339086548373,-0.07321597196525494
2022-01-06,-0.1969355132545206,-0.2429785301368654,-0.4969497781880763,-0.19430597605302483
2022-01-07,-0.07192789950698604,-0.09524225481656814,-0.05123081616692407,-0.14010960782485357
2022-01-10,-0.07395894804213221,-0.13856283053504978,-0.29549076508802896,-0.2200510133172159
2022-01-11,-0.3317180642707366,0.6032744992034452,0.26417438911956576,0.19696853069663034
2022-01-12,-0.207430583447029,-0.24271774451918599,-0.449630084575661,-0.3012377947168478
2022-01-13,0.014416130475465009,0.28443420690793497,0.3147238382868014,0.07204200575511746
2022-01-14,0.14787804512797517,0.19251238832454565,0.2711289882294655,0.11468198811665076
2022-01-17,-0.049177775021732886,-0.0029802002524639197,-0.06703869491200888,0.014330258441313722
2022-01-18,0.096719715886004,-0.21456513207090022,-0.3551141437518049,-0.21152596615563643
2022-01-19,0.12867182813518058,-0.2956162311363234,-0.2852846288617374,0.05109511325581449
2022-01-20,-0.1629548073860607,0.048074569385749034,-0.20711995133352432,-0.13328583468645877
2022-01-21,-0.12484479285915942,0.281117203871424,0.3470423518591779,0.24247404705568898
2022-01-24,-0.05104429973023089,-0.1457797748076424,-0.1061943680562195,-0.06175547673783757
2022-01-25,-0.03209384601834019,0.15688667961321517,0.08292937205191234,0.04953570428182973
2022-01-26,0.2031979387248938,-0.18868115794921633,-0.21220763283418578,-0.13529230332132808
2022-01-27,0.05031771579520597,0.031097597879959613,-0.2280296684033975,-0.26577196308116596
2022-01-28,0.10763033673165485,-0.2160766867035282,0.018191669845012234,0.0025924412530962354
2022-02-07,0.3144043207540534,-0.2962657499895325,-0.35986146165093685,-0.2464409316672098
2022-02-08,-0.1960538384263008,0.26030775681238755,0.1863832207973932,0.14378100242917152
2022-02-09,0.42558924658330866,-0.41680386429616717,-0.1759701349957548,-0.09484037392909235
2022-02-10,0.2791228019969578,-0.32129661349760413,-0.2732141781137536,0.016676520039370517
2022-02-11,-0.3205205175319494,0.2683794118684862,0.16946885489802474,0.039130136481312236
2022-02-14,-0.6303620934825473,0.5888465234991701,0.36944616823858656,0.116770986094678
2022-02-15,0.11108772521629634,-0.0166126480021844,-0.14131229481762697,-0.017142916505537224
2022-02-16,-0.16580041210960753,0.0991119505281169,0.2937403056149163,0.2552375947419135
2022-02-17,0.3929736245315611,-0.18027429645094525,-0.14010216448594512,-0.02827271487442283
2022-02-18,-0.059203370968617,0.11105131938772651,-0.09520449450996654,-0.18076606325418323
2022-02-21,0.013445133769025005,-0.17301692317442238,0.15333257499732753,-0.02179956856898639
2022-02-22,-0.6999368462806352,0.6001411467914759,0.25626265628847433,0.09164265281163436
2022-02-23,0.06567103133518166,-0.1745988123550599,0.07779384643518887,-0.028995911533384894
2022-02-24,-0.3969119661676621,0.28676927649522277,0.12095859714699217,0.07526903804474644
2022-02-25,0.07895106299722865,-0.32527800045993116,0.2276612498489415,0.11826717672771775
2022-02-28,-0.04219554355674476,0.19277004295109376,-0.11633705045957705,0.0798681150462862
2022-03-01,0.3889804202206556,-0.244233432786691,-0.1662705862650778,-0.2288265783298971
2022-03-02,0.5782139292786118,-0.28113579668492183,-0.33155948872767343,-0.16552250665017365
2022-03-03,0.09986682557644481,-0.06810766990564895,0.026255782517468167,-0.17324019378155406
2022-03-04,0.4264565480105684,-0.4498446738531669,-0.09148601544365459,-0.0662569222262654
2022-03-07,-0.1257546708400086,0.049424673249685594,0.0825739406140031,0.03190306034197794
2022-03-08,0.07845752556576775,-0.15891254029731847,0.142745774073158,0.17450924628316786
2022-03-09,-0.28364053922185506,0.08805999152410611,0.2033884496445767,0.06880177817687985
2022-03-10,-0.0528365120128626,0.18385735359447541,-0.15565909393248314,-0.18201899326061274
2022-03-11,0.04962238261047835,-0.04016106355040616,-0.3554641496714667,-0.20144185083209473
2022-03-14,-0.18972199038915125,-0.16330622671361122,0.061483739837398375,0.03633663084882597
2022-03-15,-0.14762400374584816,0.0869831388124071,0.13024424762229642,0.23067125963467427
2022-03-16,-0.3555366804114038,0.4501477578466288,0.1432594743140527,0.06256946572271938
2022-03-17,0.32098933108218924,0.08057299669772644,-0.0874566424995637,-0.016249576768010945
2022-03-18,-0.0128036864467369,-0.1395790245573797,0.11450811721926286,0.11338141757184297
2022-03-21,0.2724755716011651,0.11135742256191754,-0.1929446068332552,-0.03269162630275951
2022-03-22,-0.3591848075613793,0.18100696424145413,-0.04098511315718763,0.008012127384111866
2022-03-23,0.3206240722791358,-0.2202704680319941,0.021394079763977992,0.07835883119058419
2022-03-24,0.2531196079467815,-0.0025152967353657112,-0.33365220834126513,-0.2670925327318974
2022-03-25,0.2653645099019837,-0.3001834948243169,-0.19233994621252704,-0.1174320933574073
2022-03-28,0.48295351753905885,-0.3870625420747651,0.04241636957986573,0.026308322002035967
2022-03-29,-0.5294548212376676,0.48975139250903404,0.13336038968296884,0.1570887571356864
2022-03-30,0.36595318082027245,-0.3151445499705844,-0.22765533100722055,-0.20993645818559592
2022-03-31,0.0708203978817482,-0.019480729619840105,-0.022619646953701923,-0.06253950773398714
2022-04-01,0.3739044563052167,-0.18752687233272397,-0.311541891904557,-0.2314693220133925
2022-04-06,0.1098923657368554,-0.08489849851734699,-0.03827133906253374,0.14113147983120636
2022-04-07,0.31586609834516616,-0.20520755079157546,-0.050466320114438586,-0.028581303208711356
2022-04-08,0.5384019242432881,-0.5128245310530292,-0.1957003202189338,-0.150257701220474
2022-04-11,-0.2573956066668206,0.15597039096440035,0.06470965076808605,-0.06541982540310613
2022-04-12,0.27585530308071193,-0.20969555880909468,-0.044311954025460676,0.10134730320710496
2022-04-13,-0.2533387513012347,0.03474543271420292,0.35729550013403927,0.06698446103997512
2022-04-14,0.0021537205544402984,0.049866083197100404,-0.09887412186929193,0.013719469503708297
2022-04-15,-0.410784519050034,0.5559578457402793,0.2062806885001007,-0.17610613590127097
2022-04-18,0.3159427044392392,-0.23564840022790243,-0.2693859117773924,-0.09793748272714761
2022-04-19,-0.2336869860119466,0.0646226943589655,-0.09195660409302711,-0.27814048215709475
2022-04-20,0.19560627432199199,-0.26696643483959215,-0.2105116481646918,-0.07871502416031334
2022-04-21,0.40354690748279937,-0.45488510214643624,-0.15470856940702937,0.0037762212026429525
2022-04-22,0.37653480692769054,-0.5070945314847755,-0.21689032512203243,-0.09201723073674294
2022-04-25,0.22341085094531252,-0.2620160764280576,-0.054222790760304805,0.19650526786031675
2022-04-26,-0.3942409525009744,0.5315605620704889,0.4582594530771918,0.10057681169279765
2022-04-27,0.1676047319662085,-0.19662850557840544,0.04369152899480042,0.1833002502989132
2022-04-28,-0.654546519601079,0.5428645288020801,0.34445281038513537,-0.09199911115003408
2022-04-29,-0.03925476906404671,0.09948230181601608,0.05038605379750226,-0.15851351650104462
2022-05-05,-0.01289285720178024,0.01193415854926517,-0.09464989928445403,-0.27360222381780624
2022-05-06,-0.09271746418425292,0.19619819408664216,-0.060025892521108154,-0.2115133526212052
2022-05-09,-0.2822416392883941,0.026532808269892533,0.23085801295460145,-0.05558946474532576
2022-05-10,-0.32847888507273926,0.2834616676832112,0.40258603105257024,0.1823474122760087
2022-05-11,0.013597673895951647,-0.1839804799705467,-0.02480934703286748,-0.24678152812461615
2022-05-12,0.16993982140371178,0.11349777122392282,-0.20524158473444157,-0.07364019953949548
2022-05-13,-0.07907229385097651,0.1834958135327844,-0.001300125705274552,-0.05332725806271416
2022-05-16,-0.09707621034404453,-0.12399701370600713,0.4508252938206194,0.2633853687053801
2022-05-17,-0.28373761444062856,0.03627936041914254,0.08277620921009132,-0.09362223583756771
2022-05-18,0.12690577067822031,-0.3564178009747604,0.22392324279791392,-0.03006859247369629
2022-05-19,-0.33610005266728704,0.371798871311002,0.014674023479598754,0.17334693374237561
2022-05-20,-0.1904089049436418,0.19226768677067052,0.07730042921105071,-0.1325518734553097
2022-05-23,0.31136601094104455,0.060436097791077864,-0.4442310839259984,0.004502496284067206
2022-05-24,0.1636894915375285,-0.11418160865733325,0.023044682149760475,-0.1304241260657524
2022-05-25,-0.12154851513408209,0.027590938592436328,-0.06982651260325964,-0.1898711585016182
2022-05-26,0.12704332592149975,0.08613866390172424,-0.09217681571519193,0.03404484991460295
2022-05-27,-0.25583447839753015,-0.18805790473920617,0.2961574587115515,-0.01569728417910941
2022-05-30,-0.3866680573678635,-0.06702004178029643,0.1758592070534905,-0.0011932110124760094
2022-05-31,0.006530241226576922,-0.01912286171223707,-0.01968826619586485,-0.08605647663708609
2022-06-01,-0.3480087312296818,-0.3143387792308345,0.14057893904444727,-0.1419519872881511
2022-06-02,-0.15264425806666118,-0.3647898652487385,0.4139451073065484,0.22115978070534165
2022-06-06,-0.040228916611942236,0.434898854585074,-0.1611657335042277,0.03511859342412428
2022-06-07,0.05039355579172709,-0.05179656290471107,-0.0028340832997497305,0.15178685024276034
2022-06-08,0.004586991836201641,0.312850788376398,-0.44770084356130013,-0.06981149753209162
2022-06-09,0.0815720601077247,-0.2967790404606926,0.19359982980302073,0.09291545991765825
2022-06-10,0.07745844619129531,-0.1918095558405673,0.04441431440764061,-0.048802873159685276
2022-06-13,0.17080872996484828,0.07994199161960981,-0.3112427971193397,-0.031941880285060335
2022-06-14,-0.4193895987435814,0.4250671878923173,-0.2956791199132326,-0.09016916070529053
2022-06-15,-0.29632263274730836,0.22882840982960362,0.20429885543131193,0.0012284787830881719
2022-06-16,0.13354014502180514,-0.2256304385114353,0.16171484925435672,0.18202211569185905
2022-06-17,-0.21116444952437036,0.11025022358368515,0.026777575895097137,-0.0046129228551994
2022-06-20,0.03298254801366423,0.25966187119855766,-0.17891282686332616,-0.044336663062909225
2022-06-21,0.2290160911659913,-0.11059151214923015,-0.1496232974999687,0.057731924935867575
2022-06-22,-0.028621377368484798,-0.12097560030513545,0.28852356896215164,0.07579429040066214
2022-06-23,-0.11426781517348408,-0.15149038649558053,0.1079376793608742,0.03513027282729206
2022-06-24,0.0276670352277962,0.023973816244995182,0.05019255155051169,0.2127538674524195
2022-06-27,-0.09908717916382159,0.03867617912548068,0.11108731588169549,0.05530414436579428
2022-06-28,-0.2013822221550686,0.41000288856802747,-0.4609864376729851,-0.24751324882239834
2022-06-29,0.11839465222220202,-0.2164057875012382,0.15674590233153834,0.25977707374351977
2022-06-30,-0.13581416812942207,0.08740031882985366,-0.07839365528378155,0.06675818077192287
2022-07-01,0.09204200618490353,-0.14712156247030236,0.06725776116537166,-0.0264253465704499
2022-07-04,-0.052800900229363644,0.07833165997458363,-0.1317666945357802,0.06756698475023383
2022-07-05,-0.03222999349076136,0.13777139537569574,0.03822960532972863,-0.1675708703000831
2022-07-06,0.15508404555605837,-0.04356859805528089,0.11025730927170256,0.11711455925782199
2022-07-07,-0.19699095908100045,0.1848050552639354,-0.2807729830505321,-0.15050966401580462
2022-07-08,-0.24320397105559033,0.03883180920318956,-0.3159995505832654,-0.2508104974783945
2022-07-11,-0.27059859881631126,0.09445941401209554,-0.31343366326174954,-0.10803453420406352
2022-07-12,0.1569996214865736,-0.15691316753123713,0.0937330248533885,-0.03680753989268838
2022-07-13,0.3088956592534308,-0.11643241474728658,0.3893840119391324,0.06592800727489177
2022-07-14,0.2235296525988498,0.04098087525182826,0.11920894931553164,0.02255673954775345
2022-07-15,-0.24407693944208197,0.31865101534914936,-0.13970025187197685,-0.09193568533967825
2022-07-18,-0.29848205351917756,0.27097314884448265,-0.276283656101791,-0.32166292338447267
2022-07-19,-0.0069825524364465295,-0.044409287132566026,0.019423304604564002,-0.14236207580775628
2022-07-20,-0.21355763717828768,0.23715962481580175,-0.10443619026432727,-0.22709615194600793
2022-07-21,0.03973074986109088,0.05433730828552927,-0.09441257991023723,0.05433875651801277
2022-07-22,-0.343504989418853,0.007277318648646232,-0.21733047662048388,-0.1120232922631316
2022-07-25,0.12273256950156812,0.175949308871656,0.13415701374688951,0.16613750486258042
2022-07-26,0.1200595158378115,0.004199329520219574,0.0937992617860002,-0.08491939692812173
2022-07-27,-0.04276224933215127,0.133739251546652,-0.047077486162462295,-0.12543481772985476
2022-07-28,0.10027215769961258,-0.38651687163162657,-0.05678396725749096,-0.07010604448433862
2022-07-29,0.24495912419204752,0.013959860741042655,0.35080768604199,0.06314352409515919
2022-08-01,-0.0065808262352926705,-0.26084030864462987,-0.04287128162799839,-0.06873509385503646
2022-08-02,-0.10566841314750651,0.10027163493751445,-0.13023413054882121,-0.1342466962281485
2022-08-03,-0.1537786448489685,0.31208186532098786,-0.09896560947547747,0.06104574565655124
2022-08-04,-0.2899962737941434,0.14579214184473716,-0.006875674579244863,-0.10279406932053399
2022-08-05,0.050960604307473546,0.002002659194506484,0.033054806551807515,-0.0320306067218225
2022-08-08,0.18371664762513823,-0.1661624492021529,0.1533014546016604,0.10034618751616002
2022-08-09,-0.0771265296434211,-0.11904328365001646,-0.2131915215803744,-0.2573298144007327
2022-08-10,-0.1887130972715817,0.25746570707161925,-0.07733666328725106,-0.06565298951982228
2022-08-11,-0.38028913314583956,0.3162502265246283,-0.37456152511904994,-0.17006937967929456
2022-08-12,0.1386652225877907,0.07020996492470084,0.07738001149868985,0.19917113096913927
2022-08-15,-0.06386025409347117,0.2552791829346872,-0.1540050384529881,-0.03375224718213169
2022-08-16,-0.02746229955906416,0.09298537404303825,-0.005937150899212041,0.017947592469492662
2022-08-17,0.15502807784442635,-0.29877451812101724,0.14699260652092094,0.005302186076673077
2022-08-18,-0.36073568430824854,0.16828415527336843,-0.44565753600728547,-0.25448615385073153
2022-08-19,-0.06406649737648777,0.13498475029858653,0.056294951779011636,0.09672797960773118
2022-08-22,0.16180253495260788,-0.25606271516703394,0.0005712481700070157,-0.07621265946465228
2022-08-23,-0.26708858266671837,0.22774179004869535,-0.5194364301545994,-0.24509725084893905
2022-08-24,-0.08130516879450644,-0.08406304597952585,-0.17121813907190883,-0.06238226700619486
2022-08-25,-0.1309759859981985,0.2437505895105461,-0.24540626776613972,-0.1392972462876871
2022-08-26,0.08687132357783627,-0.0519233044932332,0.028761962643523785,-0.12113898580055538
2022-08-29,-0.15353884288960715,0.20624831391209242,-0.24066309934748054,-0.2144283076615265
2022-08-30,-0.22383879772809284,0.06450338879629869,-0.37745923307921875,-0.11886521856672
2022-08-31,0.03280956306821474,-0.039564167898168696,-0.13132417074148217,-0.14390284375508944
2022-09-01,0.06366769200411436,0.06830433546467925,0.08658106388090794,-0.18958020995777394
2022-09-02,0.23971565341948728,-0.4981595764486047,-0.05307020780010662,-0.09884227589131514
2022-09-05,-0.044456238676168956,0.08349840528593071,0.2516150054165604,0.24243802616483948
2022-09-06,0.03924311518689323,0.17549553953355027,0.1780151175913938,0.07170314442201046
2022-09-07,0.14061544496034495,-0.1400479529659873,-0.38053766385919396,-0.25830848136762435
2022-09-08,-0.326963511817434,0.04158099377282874,-0.2120310434767754,0.14121989817528446
2022-09-09,-0.1892248384634707,0.24319619522525315,-0.02418803735299907,0.0503793126171619
2022-09-13,0.1742712462615581,-0.18424117719956248,-0.004068493456096935,-0.10584372979881418
2022-09-14,-0.08953177734133294,-0.33609563911960183,-0.5194844505538088,-0.1714541032957905
2022-09-15,0.1005662859857362,0.10571605083017416,0.037464106818590956,-0.03323898382080678
2022-09-16,0.08432132792312146,-0.14323700630489408,0.11704879003685109,0.20703213351085054
2022-09-19,-0.18105611770844518,0.39416767667884217,0.21682147250689018,0.17278724954127664
2022-09-20,0.1717771459714993,-0.18839239713765804,-0.1689318459298433,-0.18160713153910418
2022-09-21,0.3487555860734913,-0.12688078739688838,0.04594302283256109,-0.061959484436248685
2022-09-22,0.11482221830057882,-0.23195372960610974,-0.3179378332035286,-0.10187794573051057
2022-09-23,-0.17969978731962452,0.17115587049701567,0.2347244101249832,0.1968644954826103
2022-09-26,-0.4182050892751309,0.3070253267115449,-0.026811926861286625,-0.17615899427495316
2022-09-27,0.2486348091025472,-0.44061045548238886,-0.36587568272231535,-0.15737001972091655
2022-09-28,-0.0482048940484065,0.1382771590081939,0.3286675621332934,0.17621444227993605
2022-09-29,0.1257297714171441,-0.03899675948071162,-0.35424147895378466,-0.09987247877162772
2022-09-30,0.43558395714172343,-0.35319804110414915,-0.2556362030172728,-0.1542270091356249
2022-10-10,0.005008418515567057,0.06917413235136433,0.011042421018903101,0.05390628931016737
2022-10-11,-0.36381922108582776,0.47629169536458754,0.1472134725608331,-0.09921390192660741
2022-10-12,-0.07254653792868314,0.08236439727703103,0.05599833518299233,-0.2990293312877083
2022-10-13,-0.436442603417309,0.3762591917661821,0.2831381020819562,0.19139218371694697
2022-10-14,-0.09981517714606888,0.10235774666472315,0.03275112374048252,-0.20381275868438078
2022-10-17,0.056244240787482615,-0.18944796260597704,0.017280457086294457,0.011038648329839926
2022-10-18,0.14569865206399416,-0.07116076280297216,-0.11303373040653425,-0.15474235469043768
2022-10-19,-0.02989691110691337,0.10468182997571329,0.006077162396624713,-0.25314432606997
2022-10-20,0.3373278635453519,-0.21023266156501427,-0.1466672264535561,-0.13614001676893345
2022-10-21,0.16159157249399414,-0.13869094389113656,0.04713275276916134,-0.20612779218003532
2022-10-24,-0.07215468374391903,0.0903617125597619,-0.029749304897141147,0.038388931668958196
2022-10-25,-0.2459053908495161,-0.08131716226813591,0.28153869465762543,-0.12371242857654528
2022-10-26,-0.0010710552475791688,0.016718220957156135,-0.2148278852928741,-0.27661071987976205
2022-10-27,0.29956341908492023,-0.09887822144801017,-0.13310599328536163,-0.011341296260302761
2022-10-28,-0.0661626592518675,-0.2413149710453482,0.12346316290467349,-0.20737538685340495
2022-10-31,-0.5511337717336945,0.35957296809974976,0.14135015838188364,0.17842960621427298
2022-11-01,-0.3433217342146762,0.24726626677703956,0.28246597852427713,0.10195217910444603
2022-11-02,-0.026894088623430373,-0.09213319708174303,0.058035277678789896,-0.1966389693703533
2022-11-03,-0.3386591497004222,0.4032694681354356,0.28835027753058,0.37079996464904913
2022-11-04,-0.15588488588108484,0.3001000316061894,-0.14273624333567903,-0.04757501028675669
2022-11-07,0.1451398743559333,0.07925146143844251,-0.23650297137566256,-0.14152988942605751
2022-11-08,0.11778441215910496,0.13049516342883513,-0.292158990831503,-0.1805678931014677
2022-11-09,0.1614454628459099,0.3859316037877563,-0.32194364359835903,-0.21797040982002275
2022-11-10,-0.11740624921627656,0.22236774248037072,0.0005929999763849736,0.11914671930992889
2022-11-11,-0.05730889750324212,-0.024882024475239656,-0.11904559999627166,-0.11765276974430201
2022-11-14,-0.4850260408932154,-0.14762714654306783,0.1748204499546686,0.055633351864995864
2022-11-15,0.1401955413071019,0.17528425567918376,-0.11797715892678837,-0.138685230373024
2022-11-16,0.14067028714031,-0.29597616842121965,-0.04979799108791976,-0.2640950963886497
2022-11-17,0.07406812055123344,0.1970031736409713,-0.13536133700375827,-0.06337123824168568
2022-11-18,-0.16558967563669733,0.13689116601593923,-0.03196941958062282,-0.008685125440636881
2022-11-21,0.18950401660362665,0.19001412371094378,-0.4865640493278746,-0.22378624895540175
2022-11-22,0.007644644264683601,0.3291037484783163,-0.2673726735514108,-0.13482654520010592
2022-11-23,-0.07049377756347529,0.11848916796889214,0.019675814119933934,0.04919871923887218
2022-11-24,0.34496139656026614,-0.21378764261925218,-0.35004335983823714,-0.21638890966137977
2022-11-25,0.018157769191269615,0.16965405886061263,-0.0028312093301359506,-0.01755330701632102
2022-11-28,-0.0869510976407307,-0.2970286543572966,0.1766229144214681,0.08470169422472283
2022-11-29,-0.12471349575744342,0.13540936757289443,0.02888711201361231,0.10032553259409972
2022-11-30,-0.3190957482980072,0.19350932727497483,0.12295285720625367,0.08890899045654899
2022-12-01,-0.09531669151609069,0.16527157426308503,-0.2568840389904936,-0.1509345386410377
2022-12-02,0.24648515848944083,-0.5296522163011971,0.018303482511961084,-0.06343934640020737
2022-12-05,-0.2342347838409921,0.2007153665918479,0.0008810268072388969,0.02132338126110593
2022-12-06,-0.12415722540011531,0.31288370745435423,-0.12652782951946093,0.07311765121266778
2022-12-07,0.0716324669295515,-0.19539587570927855,0.08249737181697614,0.07451036977161417
2022-12-08,0.001471463041863076,-0.25995267627734553,0.16681075720836494,0.16010114953299073
2022-12-09,-0.016599904176915887,0.2851079627129272,-0.035533016153634155,-0.11172625943378896
2022-12-12,0.14307615532522527,-0.2766781185545433,-0.09382255214825087,-0.08615810194135469
2022-12-13,-0.0039019997854327633,-0.18153366963307307,-0.004090464050870843,-0.008387167940487302
2022-12-14,-0.31932448594784957,0.4569845411845503,0.014190729580422667,0.0662097693754001
2022-12-15,0.13872155383794912,-0.3811175249074988,-0.09763373149394504,-0.059251491040461346
2022-12-16,-0.16145800595333035,0.006498007458944059,-0.10927097005130651,0.14180405605708543
2022-12-19,-0.21624921885816165,0.393649804237388,-0.06928721652622427,-0.2005155878602437
2022-12-20,0.3162901002992893,-0.46471851720164115,-0.02278832243813023,0.039064930318094944
2022-12-21,0.32458741167091243,-0.4000511115709988,-0.06499199377302066,0.07635912772022362
2022-12-22,0.23895332889716703,-0.08739395714273908,-0.006379501920039968,0.0027994520155333862
2022-12-23,-0.3717903794713933,0.48347444720535265,0.039504044298974535,-0.051331036764141705
2022-12-26,-0.017578896074790545,-0.11281413579873761,0.049926839187882203,0.08099979631302272
2022-12-27,0.07517764266745576,0.12971557327205938,-0.12820010051802153,-0.0663890992262679
2022-12-28,0.015132690431971048,0.04791251907032273,0.014648932866498118,-0.10462187656362663
2022-12-29,0.08992794603650126,-0.14361379846812847,-0.16968255314474257,-0.14302882498660974
2022-12-30,-0.09908107284468826,0.44329693075654075,0.10617066265228403,-0.0777378770416866
2023-01-03,0.2014371133008937,-0.15015846232450952,-0.2762272051422517,-0.09423316930687642
2023-01-04,0.0037518871513459633,0.05406100650130874,0.19985384658510005,0.2898005913926364
2023-01-05,-0.35958517868901246,0.23778478430125446,0.011097523129622021,0.06192246628377043
2023-01-06,0.17162387067793664,-0.01578186454822599,0.08733663850356142,0.05961955550412328
2023-01-09,0.017795833703577225,-0.035709029311932546,0.24583740944157276,0.08754792577668986
2023-01-10,-0.018476553847442664,0.01526592640105215,-0.20938424519278565,-0.0298643934369954
2023-01-11,0.013689853542990018,-0.06729706757147479,0.018076725830824324,0.08696532338427825
2023-01-12,0.2873620046180625,0.021444964271268383,-0.11504703202925241,0.07020143225891406
2023-01-13,-0.018200077469227506,0.16847642004501961,0.034109178794721376,0.05393193061443894
2023-01-16,-0.12792653405906615,0.19679423146306366,-0.01901766639036852,-0.11743828333282885
2023-01-17,-0.2229490041877582,0.22866691226301314,-0.05192056585578448,-0.1678945653332194
2023-01-18,0.12385707636602622,-0.12738336256678592,0.04298541664547783,-0.08221537592951982
2023-01-19,-0.30595901030519806,0.3698458417726629,-0.08403300184497837,-0.03185356748193534
2023-01-20,-0.19386768842610613,0.08901919875032789,-0.09350338815824126,-0.00638253919555964
2023-01-30,-0.3413010873423934,0.19302284257653327,-0.17855374197495238,-0.13649532155127622
2023-01-31,0.04597938271949931,-0.2696933956188634,0.08487175051398385,-0.033935723603192275
2023-02-01,-0.05986111193789967,0.17297103517634957,0.05694610906854514,-0.16155782826251533
2023-02-02,-0.05453346050517393,-0.14781481215213418,0.06886517840710067,-0.20508985835674137
2023-02-03,-0.2830918313583329,0.1354961701448606,-0.29112007657136296,-0.37331572252313927
2023-02-06,0.11602394987880851,-0.0886181560377415,-0.1216475085180272,-0.1327703179694589
2023-02-07,-0.10019965511752105,0.1380893916265897,-0.076984216349534,-0.05233024123522943
2023-02-08,0.08143720830271192,-0.23391643449258698,0.2707820399842258,0.044070589948946484
2023-02-09,0.17640097336728006,0.1837480334729683,-0.1801795770994988,-0.29606746904967357
2023-02-10,0.23326105022036359,-0.1506193343454759,0.18626662319968282,-0.05106187960271597
2023-02-13,-0.07790806189152563,0.05171038370807553,-0.10524092503937342,-0.03794183527437063
2023-02-14,0.1828954728802938,-0.3385370372621275,0.1079842053675771,-0.15730336285890467
2023-02-15,-0.019452088942685977,0.37541270529451304,-0.35895307224041434,-0.03911623898496542
2023-02-16,-0.11680442315879726,0.17010303947857291,-0.3806359545843024,-0.26801085070275404
2023-02-17,0.3956101781313839,-0.06220565532091318,0.08388032848456495,0.1326301879622228
2023-02-20,-0.06276671252110887,-0.025337263613716972,-0.1327227855241187,-0.07985342371819505
2023-02-21,-0.1713358460971236,-0.09703296846163974,-0.1338932289746909,-0.2997967063328403
2023-02-22,-0.3296418168081633,0.35000045749676717,-0.2555994738469575,-0.04010898692677833
2023-02-23,-0.21327718758736797,-0.175424909513743,-0.01903207331433439,-0.21833303945195154
2023-02-24,-0.1423862299460808,0.07117163536068054,-0.2707478643625391,-0.10268763337203039
2023-02-27,0.10798459660017926,-0.1310464782316096,0.019628680816867906,-0.013661126195784268
2023-02-28,0.2898717471014683,-0.21817459836712458,0.29737484534279696,0.1573193848160519
2023-03-01,0.0937414683368366,-0.34868477706656487,-0.14756517474961636,-0.17661779154690282
2023-03-02,-0.2625664742335328,0.04672583242364835,-0.26744953291541534,-0.2168117044514791
2023-03-03,-0.19507591847570285,0.0960638374483691,-0.112978254317364,-0.08270545531259701
2023-03-06,-0.23685181620473342,-0.07209863016003852,-0.4012269774016776,-0.24879364805489873
2023-03-07,0.17839027190013912,-0.07239925343863803,0.1922114767631949,-0.013487968574821962
2023-03-08,0.04393056745230217,0.055649371852302794,-0.03478881919013571,-0.10791874982765334
2023-03-09,-0.007788671576131888,0.09414835211869384,-0.08612675754109088,-0.09207562063915725
2023-03-10,0.3863935488838612,-0.4378938772312953,0.1990807118037293,0.10319006946653897
2023-03-13,-0.019906570100810216,-0.040519784107342534,-0.2271501399129537,-0.053748957450117915
2023-03-14,-0.007399651426160987,-0.12742765069365028,-0.10816711056717095,-0.1670642933724246
2023-03-15,0.10111460884955725,-0.11557425226407982,-0.14256664143763642,-0.14723056166862747
2023-03-16,0.258158076403795,-0.28964315939692964,0.21228820990383326,0.0473053604062291
2023-03-17,-0.01628537961882423,0.05141495110599023,0.05836931418284217,0.010130433349283607
2023-03-20,-0.3031527440371871,0.5650600917787685,-0.03095500537379756,0.0742951595069241
2023-03-21,0.07490228239853436,-0.06933886745626752,0.0016333971886782492,0.07692282777423819
2023-03-22,0.3819366671046992,-0.3292266055124366,0.2767958962691447,0.18171941190558913
2023-03-23,-0.06592578784511229,0.13730026884112842,0.08207150880334102,0.0461927554707091
2023-03-24,-0.12816771663789217,0.28807876157595474,0.042194321257032166,-0.052485573981637265
2023-03-27,-0.19068088747688322,0.2464643417296488,-0.2884017304153377,-0.11092719502804028
2023-03-28,0.01535595107156887,-0.03354737717257499,0.08375047661877513,0.07950246354331929
2023-03-29,-0.2341170448716496,0.23020163198942076,-0.16114171821712953,0.029190995682923448
2023-03-30,0.29685563135774273,-0.25824979038296997,0.1895021122147761,0.09302708132446864
2023-03-31,0.17039845754264824,-0.1065177167449803,0.16850083553158715,0.17415274312951484
2023-04-03,0.31076215618542163,-0.3193129826094038,0.047059716292437506,0.024179043841553154
2023-04-04,0.04085891389264491,-0.06829440403626381,0.12155037040150952,-0.030974785751285747
2023-04-06,-0.25064070714732195,0.12125522032715928,0.061343135468382944,0.010966452019971509
2023-04-07,-0.2647135109893975,0.3409754073501733,-0.27332528743272205,-0.1313022492084637
2023-04-10,0.01781602215828871,-0.02444449850528822,-0.07349352174522468,-0.023666820989474036
2023-04-11,0.5143243979497809,-0.3516230396562724,0.2822078040485131,0.1492086892197278
2023-04-12,-0.4021782977985238,0.438806965334014,-0.41112948087056195,-0.37815669448369954
2023-04-13,0.14174844779914286,-0.11384723786995442,0.1477219764373249,0.17842224168581486
2023-04-14,-0.10555840790222397,0.18555764473277114,-0.26123024210865825,-0.14075074731204906
2023-04-17,-0.09879542992225654,0.16170895025598603,-0.12087638817344212,-0.0020478412360219107
2023-04-18,0.20099237199703224,-0.0981178412683412,-0.09311320043620326,-0.1049559748128003
2023-04-19,0.5770132106618716,-0.45940960987521096,0.2775364568777391,0.19935765879291023
2023-04-20,-0.19892074165881576,0.23067857472539754,-0.45978271720673797,-0.2819567967763772
2023-04-21,0.2810561171560418,-0.19892359494005676,-0.03764976983200179,-0.09471115500975376
2023-04-24,0.19973377120168115,-0.321478755408758,-0.24557464745685603,-0.08455430440063798
2023-04-25,-0.5070041573063896,0.3797063945920746,-0.24041149413020105,-0.2512686829290444
2023-04-26,-0.04902424218192833,-0.13963328193888036,-0.2686070878959635,-0.24303572848016433
2023-04-27,0.24965249824258653,-0.03549839436935672,0.21282841465352353,0.19547229704725372
2023-04-28,0.1514961592511432,-0.316752708143637,-0.3027163102160223,-0.26556161555333435
2023-05-04,-0.01955658175109865,-0.048135149329310074,-0.2706146916138125,-0.16084056515857434
2023-05-05,0.2701874066962104,-0.31536112101814767,-0.17481340713560917,-0.017411054247625592
2023-05-08,-0.09517645519648926,0.2514417283557875,-0.11014731755212202,0.011253422488994308
2023-05-09,-0.526886243093353,0.38100261850326744,-0.08343385800574947,-0.09480297858501822
2023-05-10,-0.32218812084251636,0.044298665784075465,-0.13507496540634703,-0.14054274540454545
2023-05-11,0.07577982290416352,-0.043718737070159004,-0.207553735134998,-0.18826637226027973
2023-05-12,-0.32617699670229555,0.15943977965369602,0.08455959079418758,0.1155722856399986
2023-05-15,-0.17263712181644003,-0.017151757833285916,-0.20916720689843277,-0.17350839762445944
2023-05-16,0.12391073543222582,0.055111443653047695,0.18262072227777518,0.06166674803077852
2023-05-17,0.4716729933787653,-0.09199922032650985,0.27844867227630227,0.17546478465137175
2023-05-18,-0.39821578126662865,0.3660642152167575,-0.09802375565087428,-0.17400204518848583
2023-05-19,-0.4344713449517494,0.09418241485365088,-0.3687505502803003,-0.19492047814419045
2023-05-22,-0.32211652971729987,0.06051723384028879,-0.18970837436531893,-0.27808366279419006
2023-05-23,-0.12064974215328206,0.1849657690377217,0.11630949048345347,0.021539308659970238
2023-05-24,0.3391309231378186,-0.05772917765228147,0.2167609013642818,0.12237626871876034
2023-05-25,0.32928926614373755,0.15697308145306935,0.1222893360926054,0.06886655874950116
2023-05-26,0.46224359165012857,0.022560780719884637,0.15168107478107892,0.0312254216815968
2023-05-29,0.31523161742582784,-0.010016707624055517,0.3670165669911591,0.1783038531470897
2023-05-30,0.22553396480250287,-0.16492779192360676,0.10397259824898716,-0.15225985222159752
2023-05-31,-0.15979251456393295,0.30034357274379264,0.040001573274904806,0.19376062825699106
2023-06-01,-0.6027871091117808,0.3554453148628742,-0.3048553106034523,-0.14229949771922437
2023-06-02,0.3731553717379252,-0.1188479228669808,0.21274003537220976,0.07723099846196049
2023-06-05,-0.16324507421335696,0.3410422551090447,-0.146429836041391,-0.08256936450611946
2023-06-06,0.30867088669140935,0.1404485595700624,-0.0871234626253464,0.06238281648249978
2023-06-07,-0.09597096571682782,0.21257384313767796,-0.33224121618426844,-0.16055244169331992
2023-06-08,0.1196630552914207,-0.21215854485631327,0.24533261890612265,0.11351865778546183
2023-06-09,-0.3624564307221387,0.0603811370774009,0.12509857357743034,-0.04239406545040652
2023-06-12,0.10169920600623408,-0.10036554303037555,0.11662424595379738,0.21502770327368018
2023-06-13,0.006873954179132596,-0.12717614896544144,0.06618347010841197,0.055448107856521045
2023-06-14,-0.46114750141143784,0.4027909943764064,-0.20748400362131372,-0.02600465243839374
2023-06-15,0.01756780258531031,-0.006115062185376763,0.2079240345020017,0.3110066449008648
2023-06-16,0.1465567581574577,-0.2323896119987939,0.3039265993102847,0.04660510443639163
2023-06-19,0.13552705698203804,-0.15204192059846885,0.006325477907091476,0.1095950282816385
2023-06-20,0.05132474999584089,0.2907218562304337,-0.3486487990037649,-0.27180331686299
2023-06-21,-0.13182579304190203,0.28525943698020567,-0.1408884233759619,-0.16805060545156975
2023-06-26,-0.05499122566845312,0.051766751046433516,-0.10454803234047591,-0.1804276067274194
2023-06-27,0.17336884089451673,0.16784232187765513,-0.38319173140625423,-0.2313388900348028
2023-06-28,0.2882266739605895,-0.04196777988738408,-0.014116398707970402,-0.0679535452490173
2023-06-29,-0.1437178512330959,0.09467448434906939,-0.09469663288554009,-0.048697960182690896
2023-06-30,-0.28380772240776564,0.24519617750912404,-0.17349702717791154,-0.042329424844612926
2023-07-03,-0.2622280259149289,0.06799324775242749,0.2466560612331525,0.11224947385882056
2023-07-04,0.06899701497825587,0.07162721573873504,-0.3209012722879765,-0.26291403530538576
2023-07-05,0.11510323991290722,-0.14400381833231818,0.07862275528245166,0.04122239237389683
2023-07-06,0.25359844324237046,-0.028880903635112108,-0.39603943728240254,-0.43515387501029434
2023-07-07,-0.2455773409502239,0.24371601641594498,-0.11267312370071607,-0.07666112934464055
2023-07-10,-0.0006808908774129897,-0.07655508149294078,0.07858354355048015,0.11990170021794325
2023-07-11,0.02829544589609622,-0.06148235670853708,-0.38777081850963385,-0.2143166576124398
2023-07-12,-0.15916364698502025,0.22468634229970927,0.16602319564640328,0.18961872352377038
2023-07-13,0.15068440077274625,0.19259978821849924,0.10184438518927999,0.11015246262889672
2023-07-14,0.12681991805593254,-0.04660431031369511,-0.07331916180730304,-0.14604010085379665
2023-07-17,-0.14667840705843868,-0.002326905892839957,-0.21013711508047644,-0.24301863129645684
2023-07-18,0.053253625379137415,0.0055567465163617585,-0.2709091781756883,-0.2484708505939429
2023-07-19,-0.24639927708871961,0.00580915381567404,-0.452985865293364,-0.22751109174513048
2023-07-20,-0.0011241289076902236,-0.07628156555628192,-0.3120193280947003,-0.28207538847385166
2023-07-21,0.18276250154773027,0.02815691376454881,0.07193542667192887,-0.08656094161441934
2023-07-24,-0.24254234629501722,0.0893245957837633,-0.03178714030709214,0.12128775570313304
2023-07-25,-0.11517303719856482,-0.035401442596552854,-0.25545807775093493,-0.2047390944571791
2023-07-26,0.026490979546693206,-0.04576054966343324,-0.25623234213042084,-0.15947299557163255
2023-07-27,-0.011256636742282661,-0.27849976679310295,-0.09261124133848278,-0.02996751250201909
2023-07-28,-0.10270706347269679,0.0578969355124348,-0.03550598066551302,0.06455039457566981
2023-07-31,-0.07398786705206575,0.28347540280974376,-0.15765036166048269,-0.10386173594703182
2023-08-01,0.22855789741530577,-0.07042880932786691,0.2633252970892475,0.04890600145184328
2023-08-02,-0.13857377007930194,-0.26310493487388514,-0.005041834353835508,-0.0875621927027524
2023-08-03,-0.009201884807371812,0.13657362142126048,0.21370582646505595,0.25479224797302696
2023-08-04,0.17874118449608128,0.1725825370785288,-0.001553054112782274,0.0319575066469491
2023-08-07,-0.12949363157575314,0.04336145089391837,-0.150153655749375,-0.2323584473205034
2023-08-08,-0.24783997679065622,-0.15478758639192156,-0.18006188975335832,-0.1276445310718996
2023-08-09,-0.07821934313883887,-0.1295507940266583,-0.06711061698479412,-0.08025642060123794
2023-08-10,-0.12656620947202624,0.21649252203355984,-0.24708614511846505,-0.22570554669348408
2023-08-11,-0.007555591393395455,0.2884573807208533,0.06774241869079037,-0.045813439936704795
2023-08-14,0.15974793528698783,-0.36889895526331123,-0.10239632674716699,-0.0753579466214958
2023-08-15,0.08023766995548902,-0.42428947938484113,-0.15866052655070478,-0.15989339143514025
2023-08-16,-0.05062563659033091,0.33185039715685166,0.015162224361873037,0.09557927263524528
2023-08-17,-0.034698786818450955,-0.17575641118530494,-0.3375384781368933,-0.31405303166323767
2023-08-18,0.030433645438239183,0.13052352598823136,-0.04599249062970944,-0.026903234288104923
2023-08-21,0.2729112432829192,0.03739904468056387,0.19778606017473976,0.24485234999967986
2023-08-22,0.12086009729617705,-0.29493432900112493,-0.48801954091063593,-0.3769574931630171
2023-08-23,-0.08608891239551948,0.3205027256651756,0.22708563220400202,0.18875458686025107
2023-08-24,0.20382406695447117,-0.28424401682147005,-0.33479218724879367,-0.04037274407635405
2023-08-25,0.01114489426787196,0.06281209254624168,0.12291384867809091,0.19929349695647874
2023-08-28,-0.3602926767718434,0.4424169301719703,0.4090907841746608,0.057105977004876234
2023-08-29,-0.16054644500269857,0.12563148519088674,0.19064543065585765,-0.1083151981978423
2023-08-30,-0.04491854394556929,-0.06673338582765977,-0.16173956065019288,-0.20143385317796061
2023-08-31,0.1548570421188373,0.09578180775552309,-0.3211425931743159,-0.15359304268048557
2023-09-01,-0.02297945626199148,0.11084157162995172,-0.04521521733927566,0.017178864783659396
2023-09-04,0.01895462670312633,-0.13027165483900216,-0.2363566864063098,-0.2710637335980534
2023-09-05,-0.04796674418211956,0.005354385985189994,0.020434177824493843,0.05479904909613105
2023-09-06,0.3733201077291782,-0.289130170102185,-0.32768624179257605,-0.13821558860401278
2023-09-07,0.10258261164094298,-0.019192574251044234,0.041689849684347205,-0.11665370672298012
2023-09-08,-0.23264926214841075,0.3236952340065732,0.10024293355865364,0.02195595907446832
2023-09-11,-0.1779662924582977,0.15483121140726228,-0.20611857685233984,-0.1503543260581385
2023-09-12,0.39450802028696313,-0.2791119929454526,-0.4051173603542025,-0.2720142535457815
2023-09-13,0.35941124892320164,-0.1027314985491698,-0.38507019481605576,-0.1967286820352397
2023-09-14,0.022946049308033335,-0.18966906836845138,0.021331102836237358,-0.16566211026627384
2023-09-15,-0.08217066383810206,0.12860034955931304,-0.03150407038333039,0.07187416611611333
2023-09-18,0.3864167978015331,-0.2167296268390683,-0.2973639845894739,-0.14554275307359804
2023-09-19,0.2485586567546927,-0.03810851407857273,-0.3139196612948283,-0.10190922359359197
2023-09-20,-0.10293073041012445,0.15503434459711493,0.06981467829512773,-0.03269456126499962
2023-09-21,-0.3919418323832203,0.5193770363237562,0.2405055082956755,0.3439613053422896
2023-09-22,0.165796510890968,-0.19437118526070926,-0.17304055462277126,-0.1634385144100949
2023-09-25,0.01675168406068043,0.07898925292940197,0.10445723755352442,0.10733344510820643
2023-09-26,-0.2704590708773777,0.3314197891237588,0.0319920136180257,-0.03249853134945687
2023-09-27,-0.2594553917165946,0.1153497058171917,0.0565804618917729,-0.01641374178325104
2023-09-28,-0.01424552418499537,-0.049081905100031464,0.07834137274604587,0.05979639569785621
2023-10-09,-0.016525838457024596,0.11294327680828141,-0.033332906324211396,-0.036278599749808474
2023-10-10,-0.20121722260794989,0.03869442644624857,0.244647185090895,0.14078881870570395
2023-10-11,-0.006743253425681597,0.12359977018659855,-0.252577488466187,-0.11472304943832737
2023-10-12,0.39948225643324853,-0.4285226651595835,-0.2465460320206506,-0.1717355850550386
2023-10-13,0.44793125293858377,-0.14495574613582224,-0.23128431923332787,-0.1856588549304263
2023-10-16,0.18895750132581357,0.03650143479460706,-0.04368125566860705,0.07892084554325918
2023-10-17,0.4612840113841086,-0.20741325788523648,-0.1429254209992515,0.058126334448649154
2023-10-18,-0.1715138349561814,0.07284990436562531,0.16481487506599343,-0.054421349181400354
2023-10-19,0.036372389758483524,0.11457351045114121,-0.2178981932383996,-0.15537550516396317
2023-10-20,0.26654341877867554,-0.18375538853943377,-0.09242558872482745,0.06204867860407303
2023-10-23,-0.10684283979752893,0.11089043765696562,0.022816520213003087,-0.1643860991969964
2023-10-24,-0.10960872805984236,0.2547922436234502,-0.13578317752128238,-0.1828649514270417
2023-10-25,0.02318253550323203,0.0676767039501694,-0.17710253540690085,-0.08854934042575797
2023-10-26,-0.3655934923771862,0.21340304873109006,0.08115486069331072,-0.05380584450203183
2023-10-27,-0.14393565228161698,-0.09896314072016159,0.37107822165032506,0.1559848462703764
2023-10-30,0.15715708831421588,0.022220466293943007,-0.26498907089778256,-0.17834893293419204
2023-10-31,0.11067395370435261,0.06439887858769869,-0.24444721315544046,-0.0999395642203741
2023-11-01,0.24675687699869536,0.016019389960070195,-0.2652075526992252,-0.07692498668878599
2023-11-02,-0.4165736047437765,0.18065462107901906,0.422919877274723,0.2624581086958495
2023-11-03,-0.45188991532523326,0.13762902317060588,0.3269664737730145,0.224783229835234
2023-11-06,0.050348377735721865,-0.0299359602933374,0.06054854789798386,0.05830005469344189
2023-11-07,-0.0537854902619056,-0.050356567286623806,0.16944012462957508,0.17514084605906555
2023-11-08,-0.23018271065800822,0.28534130086763443,-0.11056089232044643,-0.10199516330101341
2023-11-09,0.35536033527508726,-0.295040815156577,0.005713876292807242,-0.10126683067756685
2023-11-10,-0.2631569997820182,0.2024064801662539,0.025987953886522513,-0.0394579575721629
2023-11-13,-0.002073800336962837,-0.14037804384086985,0.005281670658566662,-0.024735253549631863
2023-11-14,-0.047478763447131644,0.20103540766613517,0.09503456292804123,0.061579831952451744
2023-11-15,0.18540134670062325,0.17431587438467194,-0.35690716316277954,-0.30238615792761825
2023-11-16,0.056066701071470035,-0.2480955141463738,0.30613155269581854,0.03823869553465783
2023-11-17,-0.10686508864046289,-0.07106486445808931,-0.174566774755284,-0.1019738491164304
2023-11-20,-0.15376800689443496,0.30975990724865077,-0.385213388626913,-0.20429024175979976
2023-11-21,0.20865249573003367,0.054135660224020124,-0.3947720845776358,-0.2108611196578035
2023-11-22,0.07661291012274707,0.04320201634652223,0.22790736284331875,-0.07220854501091252
2023-11-23,0.15656068505670862,0.19757364797495042,-0.4532664126011956,-0.24472138560911993
2023-11-24,0.3949872123995908,-0.13519551907489005,0.10177777183444901,-0.1243079899202494
2023-11-27,0.1699985298114929,-0.02556834933010455,0.09998161144942433,-0.0039527735108840075
2023-11-28,0.42045073484699313,-0.20640078575784984,-0.04462750630290076,-0.12562750380954454
2023-11-29,0.21137270721823928,-0.17227995840344973,-0.2397001783924245,-0.09281261103652645
2023-11-30,-0.009789083392726166,-0.14257131985816915,0.1146361003372775,0.10514359399682209
2023-12-01,0.2410261201505398,-0.40015993885164663,-0.11599548257194267,-0.16173786786799754
2023-12-04,0.2692694135000287,-0.21496985405882454,-0.2050333450779584,-0.18885303542921728
2023-12-05,-0.24195789862313546,0.23570596624706883,0.30165306582977863,0.16010760234587246
2023-12-06,0.1616984527425584,-0.21555020803244768,0.0023537969263171506,-0.0587340468746257
2023-12-07,0.13008673871346552,-0.04993461607605061,0.08087971218471017,0.03843996401672906
2023-12-08,0.2091941433688087,-0.08302183522162514,0.11550161147698501,0.03786907601880431
2023-12-11,-0.021024824145780385,-0.012293428841228743,-0.3229181536150938,-0.05860050739933172
2023-12-12,0.5433606601157496,-0.536693349129273,-0.11337781542552333,-0.16647605947535138
2023-12-13,-0.03105774785366013,0.028950111328184328,-0.14806379771319567,-0.06834182939095416
2023-12-14,-0.38611004513908637,0.4453120220983766,0.05902978147207957,0.09271042531112494
2023-12-15,0.34792780972308684,-0.392693318515394,-0.16295946628785504,0.14237173079926171
2023-12-18,0.047628577271162015,0.04283082141443287,0.11878310630857938,0.14655738845892946
2023-12-19,0.023284976914150417,-0.13542236741549496,-0.33431343306697,-0.19101603489762267
2023-12-20,-0.3674375743694384,0.36229990493600656,0.26985904026098506,0.23636544429306397
2023-12-21,-0.2680894812170373,0.10088706912119909,-0.3066205150617703,-0.14331120302191822
2023-12-22,-0.07242714362626976,0.048098784659841715,0.1539548130708726,-0.02690546866249785
2023-12-25,-0.024681184504826918,-0.1936151997164462,-0.28580348832082036,-0.22762649003259797
2023-12-26,0.1934200253217746,-0.10581795634761938,-0.18487327012435287,-0.11938577964967342
2023-12-27,-0.6494292714066535,0.6163323959591133,0.22708453169189732,0.14992267399033907
2023-12-28,0.24463588859388954,-0.06343842999962375,0.13448659782871195,0.02433821409744249
2023-12-29,0.20544118867677527,-0.2045543435254143,-0.44185354982409464,-0.35346311415315307
2024-01-02,0.029524953654589233,-0.15878829199445504,-0.4683717767806884,-0.22720675877975843
2024-01-03,0.33975241698372893,-0.27669795436286454,-0.4654013058193142,-0.149533824865743
2024-01-04,0.0767172578306672,-0.23042795752772846,-0.4492102972082267,-0.12297665581648527
2024-01-05,0.24590133456384297,-0.5193956132942879,-0.2544658556262665,0.046717610006652775
2024-01-08,-0.06966548233889629,-0.07236661468099236,-0.0034221998852619934,-0.10184836899632435
2024-01-09,-0.17103614544674067,-0.1654887600322283,-0.09153616737194337,-0.20119350656246127
2024-01-10,-0.3124297914563074,0.43114984175070514,0.4589106886686632,0.17620459989160575
2024-01-11,0.13739380596545364,-0.4871627147371197,-0.43907352547043443,-0.2935583057384281
2024-01-12,0.23515008669990187,-0.1798719574040936,-0.19297980501716197,-0.05194330817569183
2024-01-15,-0.008788467545306837,-0.2172310324490657,-0.12499821450233542,-0.03635125665491908
2024-01-16,0.3777738755168457,-0.29373829581513694,-0.4194745846236612,-0.10563107967183741
2024-01-17,-0.33279746928216924,0.34923550927319585,0.5292884583955078,0.49947861004757965
2024-01-18,-0.13767102059412467,0.0800778776804058,-0.21523103807409016,-0.10309857801396016
2024-01-19,0.1779148636459876,-0.34933386932810917,-0.30783669968618393,0.2694225521101055
2024-01-22,0.02004867397657358,0.24991777915591956,0.29384428734199936,-0.05873774894258519
2024-01-23,0.1120167435052518,-0.11831937795451467,-0.48155375774348375,-0.23583769447144198
2024-01-24,-0.18780840838825474,0.0743132145937421,-0.03505074255503618,-0.0805836280907017
2024-01-25,0.33802245922400265,-0.37779012464418926,-0.5355214054457264,-0.15426726542060204
2024-01-26,0.31730724647966324,-0.5170989503913209,-0.4389374700221554,-0.2049906037763797
2024-01-29,0.4130310696975634,-0.39172383396383037,-0.21558589287134053,0.09023288748081064
2024-01-30,0.4765675015030088,-0.5384478037449025,-0.3707891218051654,-0.06551121067364384
2024-01-31,-0.3649222600793636,0.4425376087963178,0.2479443120763501,0.16966010593902098
2024-02-01,0.6642529384692617,-0.6612560512059842,-0.4338514343697085,-0.020655413739983832
2024-02-02,0.42700185856358946,-0.41803351265234573,-0.41457511857963947,0.09556105911135934
2024-02-05,-0.7132559748258716,0.736733788348777,0.5527384698542495,0.0003212753429450237
2024-02-06,-0.27089274122801565,0.3104165171675014,0.282536669555173,-0.15029795678072538
2024-02-07,-0.6258306575858524,0.5536198690437137,0.44000822607972345,0.07618268301388931
2024-02-08,0.2842064702458948,-0.15257484706828608,-0.037260487284645934,0.07723220505596755
2024-02-19,0.22232951617728616,-0.13384792112665053,-0.38817341534809613,-0.08774632294184719
2024-02-20,-0.40890889981101036,0.3065816859341193,-0.07245976580591679,0.15419401342185174
2024-02-21,-0.08693322735858922,0.04670414042166659,0.29859977370552376,0.10152533787652297
2024-02-22,-0.3082139867543484,0.29682592161250776,0.17966795623571047,0.0038441663795871937
2024-02-23,-0.4478431685527384,0.4825869552602508,0.3773223892565338,-0.14047110741903904
2024-02-26,-0.39153703209827845,0.27558756354532105,0.5618495759044678,0.05435854055673727
2024-02-27,0.2838274706823551,0.10367956787149112,-0.5112918930559165,-0.025008097096884636
2024-02-28,-0.38738494034160725,0.2257057726630934,0.6308479112035604,0.011489753462109809
2024-02-29,-0.1451438794131918,-0.10147174992908857,0.3107193913223547,0.12489862182330169
2024-03-01,0.2982478475173567,-0.26978020408360376,0.1354349171922563,0.005009810008805836
2024-03-04,0.16120018673422434,0.08475842112101704,-0.47326533420916145,0.02652664170680236
2024-03-05,0.07444623825433798,0.02245190694974789,-0.0629741697075736,-0.08982916711896352
2024-03-06,0.3847110036541756,0.18819749955453982,-0.5489202378486714,-0.1387866745776146
2024-03-07,0.1859966724926076,-0.2932333802390879,0.30571550656509705,0.0318125078207819
2024-03-08,-0.5800660963541587,0.15558238275940242,0.2562895197571762,0.07624976717718653
2024-03-11,-0.7055799876818374,0.03308656732457246,0.10162722272698227,-0.058258650169714175
2024-03-12,0.004702861758035423,-0.17201699760436945,0.16634621969335678,-0.05002623282010865
2024-03-13,0.4001346817191662,0.35840522981863576,-0.16624865908318606,-0.003735484188181907
2024-03-14,0.050617108746302264,-0.19635629513595945,0.03644403714408311,-0.15864911311289506
2024-03-15,-0.19263145604423487,-0.27516707842346977,0.3283047714304918,0.11173458462390964
2024-03-18,0.009049909177823352,0.157180264280569,-0.17294990662163498,-0.1895533044345727
2024-03-19,0.018678020921512422,0.1588451004173543,-0.050083731003499214,0.03090148498200525
2024-03-20,-0.030646710269810314,0.11549470723574116,-0.20804040041412178,0.026287452238762225
2024-03-21,0.3455530105531192,0.05372650088259409,-0.06056078259561111,0.060667967389295335
2024-03-22,0.3453686324148236,0.21951035171156819,-0.2843987414058358,-0.07563097287311506
2024-03-25,0.09209396836038322,0.04561230571187233,-0.20298032449086112,-0.19096448292733736
2024-03-26,0.3729381546597385,-0.1368496631583564,-0.5010428750233453,-0.19970592916878568
2024-03-27,-0.13391373768587475,-0.06623007860183334,0.4927440577624141,0.21267508124967316
2024-03-28,0.2643413838012896,-0.12380912865232242,-0.13956843976850533,-0.21567559374816564
2024-03-29,-0.16746481183694306,0.19222688932782786,0.13702748541968576,0.13869258821836233
2024-04-01,0.30019373366515406,-0.22913254771475755,-0.2504537814883235,-0.21287860612831946
2024-04-02,0.19361990323725742,-0.21254092685635922,-0.21471971446275578,-0.184371220670104
2024-04-03,0.44427490123695834,-0.19709634424883293,-0.20677494658268591,0.011826885753783097
2024-04-08,-0.5956723346592164,0.34257005708257643,0.1472509772645082,-0.16246660549624695
2024-04-09,0.3947298045131299,-0.394581131687743,-0.3375908056265896,-0.20895835412149183
2024-04-10,0.32690075036613286,-0.14572920892061902,-0.03748042450968508,0.0050395772446222495
2024-04-11,0.3710918019844076,-0.30595209795038303,0.1332756530691269,0.020612986608246817
2024-04-12,0.09920606219592376,-0.039265886808573,-0.2827442945285762,-0.07092929743182243
2024-04-15,0.08543286886273277,-0.07624623657128173,-0.5133111848701074,-0.08913445726270881
2024-04-16,-0.11625378155871298,0.21562510875915006,0.3571625663834593,0.031504694767023333
2024-04-17,-0.16649446518029584,0.08598421437126107,-0.2267026351267743,-0.11397063074813128
2024-04-18,0.32811977634617356,-0.5415746282212878,-0.35482954903682523,-0.24069630784442866
2024-04-19,-0.4341064109881249,0.31835917262806457,-0.16151862876517434,-0.2215322575085772
2024-04-22,-0.27559059492253213,0.36227311833337483,-0.030732803971826744,-0.03486155806872943
2024-04-23,0.1475776935215694,0.09687980739006492,0.261546268750372,0.09249100021179658
2024-04-24,-0.1056839054976182,-0.057283378297248964,-0.30892645849348294,-0.06565031605637177
2024-04-25,-0.17945696540775882,0.4221018450991122,0.36994643951066014,0.1640232252747273
2024-04-26,-0.3842686575678234,0.38134255237340703,0.23496514776090016,-0.0028328894137238173
2024-04-29,0.29951398837972926,-0.20908520314801865,-0.22978670387496503,-0.08211204411676606
2024-04-30,-0.11800718459780686,0.07517103220306545,0.12252086155660881,-0.03042815574348024
2024-05-06,-0.09920603477210195,-0.03626597677017239,-0.0380790007692673,-0.05371140855529864
2024-05-07,0.048387323956789345,-0.1622256495112563,-0.3415768731603759,-0.1161190879878067
2024-05-08,-0.15301268698716466,0.25498862305207287,0.2031633066602184,-0.07475667818811751
2024-05-09,-0.11475971333836509,-0.13726344565817616,-0.1956269607859546,-0.08685729231912423
2024-05-10,0.04785961357136688,-0.25745901956620326,-0.2413950421537848,-0.14850544775884733
2024-05-13,-0.002083527536684841,0.05399009153514136,0.08649467854254078,-0.05218484100813796
2024-05-14,-0.08481659852478474,0.08498195713310076,-0.14695662291302175,0.08620955012558547
2024-05-15,-0.030182298202405797,-0.1595994618538369,-0.004480705667722948,0.12088631906343009
2024-05-16,-0.2619544156211651,0.09496851410235758,-0.1425372278171785,0.0021593698376577873
2024-05-17,0.06987120748276025,0.10199469770508734,0.09223829217426749,0.09251376842793123
2024-05-20,0.043315518448545746,-0.07311433691630946,-0.23810282813201156,-0.06833216038660846
2024-05-21,-0.3890462026424174,0.14237682879280594,-0.1195361440360268,-0.0829203989510916
2024-05-22,0.1797773010913696,-0.02252427457440369,-0.1765152540604484,0.004173647118715026
2024-05-23,0.0944963405693228,0.25110262354471286,-0.3369917068822371,-0.24382040126816548
2024-05-24,0.22825741440218578,-0.04721941486734511,0.04182595844034073,0.03178840860371071
2024-05-27,0.03464349014860472,0.05849917192576615,-0.26636101312485666,-0.068542156482387
2024-05-28,-0.06843777960246572,-0.0749815042124619,0.18455553401038266,0.015919631180122015
2024-05-29,-0.2695547995040314,0.20394273682954409,0.05162955435293916,-0.18487252635250098
2024-05-30,-0.1590653107693985,0.1132856317401385,-0.03332727561824054,-0.06515896865621443
2024-05-31,0.08977229133432174,0.03375680300951352,0.11237832577720788,0.18766194132793046
2024-06-03,0.09581986643646935,0.13858769525311135,0.1040785107065499,0.07600191996412174
2024-06-04,-0.15870089935440024,0.0029355174719038033,-0.20088283181722422,-0.18655713633556625
2024-06-05,0.37294389182342813,-0.10950104558560855,0.06393169374016695,0.19276844278813762
2024-06-06,0.08149413818586991,-0.2332158898257188,-0.20165541736580664,-0.12605835771304422
2024-06-07,-0.28997511851367164,0.13505318096695176,0.18371924135632017,-0.12487022467597741
2024-06-11,-0.01357471552927506,0.07362769708352149,0.0695643439994569,-0.049876587351737514
2024-06-12,0.004225818029728797,-0.29232888298574067,0.14166579942585508,0.0631360521619455
2024-06-13,-0.14215975355466756,0.23262372787383112,-0.12496273124587265,0.1472809056336776
2024-06-14,0.00685561768068346,-0.2148346183796929,0.14520954163596797,-0.024677911010306242
2024-06-17,0.061697447863106845,0.0008214415517036154,0.08539749903605161,0.045810500712162236
2024-06-18,0.2518276251932118,-0.013987739047825833,-0.15293847837460078,0.09401870148901721
2024-06-19,0.43758450742272254,-0.33524865451701447,0.054142761531794065,-0.004727594770010544
2024-06-20,0.03543664267712279,-0.035022603341248605,-0.039818521190687274,-0.11665070783013207
2024-06-21,0.2811127248208082,-0.02879102107892756,-0.39397896887563877,0.06872135108588256
2024-06-24,0.20696482524336032,0.23709504501208517,-0.34710779218365384,-0.14977011708665486
2024-06-25,-0.40141878608601644,0.16156966134144268,0.1689014315977382,0.0031089227125065426
2024-06-26,0.33681450863953555,-0.24382548906145782,-0.43441340346737845,-0.05542597303792621
2024-06-27,0.45037876478539135,-0.3459763989374183,0.09702504534240365,0.14573130929723552
2024-06-28,0.17564173185875434,-0.08008399034759835,-0.05223594475883295,0.003604800990163008
2024-07-01,0.07321230747684582,-0.10206838105984388,-0.38831323032396875,-0.018287432051016426
2024-07-02,-0.08984807847904752,-0.07496859111305823,-0.13976183853290208,0.05016702695906925
2024-07-03,0.5214541686100624,-0.3691986100169434,-0.04978906617872463,0.20129388768415105
2024-07-04,-0.27132650522367296,0.2998008361989914,0.3047009607020916,-0.11393537018793148
2024-07-05,0.604289298169749,-0.6223458267596559,-0.1226986534600223,0.1764716085470411
2024-07-08,0.10843324460297882,-0.23121306289677612,0.26105610460111905,0.1014776313598143
2024-07-09,-0.12778045231152133,0.14738017619589913,0.010278758652117088,0.09085020999564399
2024-07-10,-0.47109465672223566,0.45306528810506574,0.16313276433750962,-0.1428319497762853
2024-07-11,0.09351823310541132,-0.020636317378278132,-0.36947028837341245,-0.05410076439138522
2024-07-12,0.26840313652388703,-0.3766421124375358,-0.23246270888315934,0.05636136980883468
2024-07-15,0.014704206875788738,0.06725260095178398,0.283013753648918,0.20181877071064871
2024-07-16,-0.2135720098354542,0.26474411343233073,-0.37525929667960856,-0.28846438572179356
2024-07-17,-0.028537285305329688,0.07166029616459975,-0.15943112728615097,-0.07391383019417078
2024-07-18,-0.21084465177035985,0.23919483131003316,-0.008891300292555157,-0.14396705853641636
2024-07-19,0.029046303162569884,0.16108638221864113,0.21936517168896363,-0.04012449626613552
2024-07-22,0.20621969681367716,-0.178058280377518,-0.49953845260679064,-0.051506192728170155
2024-07-23,0.34593926448698026,-0.3703977271950779,-0.33031418396260764,-0.04536339559174261
2024-07-24,-0.33342307615336475,0.2466285503318296,-0.13219158924531269,-0.3107760768374478
2024-07-25,-0.32954789316629235,0.38521275838030566,0.27726438755474475,-0.04716520268578871
2024-07-26,0.3884315379293939,-0.10019713656848084,-0.22764615315510886,0.08008968758956007
2024-07-29,-0.0023824389397613796,-0.24565322869073905,-0.13763680941956585,-0.15275460067681346
2024-07-30,-0.6605711804371013,0.2880664619011479,0.4151271639936937,-0.04501463599199616
2024-07-31,0.5785391455546202,-0.12270573322921832,-0.26674291744901335,0.017989168846625592
2024-08-01,0.030145198388052026,0.002224783779874144,-0.3890883918670102,-0.24147008858766902
2024-08-02,-0.17935253996546116,-0.13054605748102507,-0.3928348504938288,-0.25499286595801035
2024-08-05,-0.2944723363146761,0.036873466513924466,0.4240407356583496,-0.04614658375042614
2024-08-06,0.02468628036367702,0.2296991286703347,-0.1350649709947201,-0.14243759278207338
2024-08-07,-0.14779751759004198,0.013310838358156836,-0.12490560807941231,-0.1188402632899938
2024-08-08,0.21204397119898277,0.31017116446355475,-0.011237203374860096,0.2838898804380754
2024-08-09,0.04582371034821812,0.07714737724631533,0.05809928302719364,0.013824276179306216
2024-08-12,0.2303415470334475,0.03626941947966633,0.11822279459366955,0.16774325930184936
2024-08-13,0.3302427058456429,-0.12608665461631374,-0.3050664608563468,0.07232099375471401
2024-08-14,-0.08716057850112185,-0.0981837470341316,-0.19452046501859835,-0.05073122023549598
2024-08-15,0.227577691191854,0.07980715142634612,-0.06536935549882868,0.15911934841772618
2024-08-16,0.12311702103398506,-0.10994174411785568,-0.19248905719567824,-0.02413292325978184
2024-08-19,0.26287068585370527,-0.2437481677387076,-0.2431160408652832,0.07859051125317709
2024-08-20,0.11355376522142235,-0.025060882528738795,0.13915771441251193,0.1115325141866856
2024-08-21,0.351300469882183,-0.16604321266057745,-0.25468203051733546,-0.019397801509605347
2024-08-22,-0.09737698962485823,-0.03249198099581388,-0.12240202322338219,-0.10905215676819724
2024-08-23,-0.22847575766966102,-0.01687229976123966,-0.04018778549186488,-0.10889404349866172
2024-08-26,0.14085544118213808,-0.27197674911366726,-0.22545115584601647,-0.06477657780032627
2024-08-27,-0.08888450172532049,0.2070386043963676,0.15281734236932923,-0.1288152059957656
2024-08-28,-0.4410036214083957,0.46790210771349994,0.278155165927738,-0.04578784444841929
2024-08-29,-0.3995634275413574,0.4062004656140788,0.1539834999360471,0.16244103111932204
2024-08-30,0.3290723511936159,-0.2859465524984379,-0.2998901125586904,-0.1529991393146835
2024-09-02,-0.32574227018572,0.1256181463738318,0.16509529944074786,-0.048116771233366926
2024-09-03,0.0005545643806681,0.034346441059681945,0.010586927851219133,-0.13625140159676188
2024-09-04,-0.14650749764922966,0.14973910452534045,0.05258899344245257,-0.09658275476150015
2024-09-05,0.35772689943928376,-0.16243228512757316,-0.2911018063466138,0.004848966654754561
2024-09-06,0.041342757573655006,-0.04470303475634547,0.11029609268557387,-0.07637040123532221
2024-09-09,-0.0006369324335156226,-0.005566739213807867,0.16986939416387245,0.15807237825941856
2024-09-10,-0.22040468063421947,-0.11084481905886567,0.22120425086522721,-0.038194285386750806
2024-09-11,0.035002078800056326,0.08155931601376515,-0.06357807512989667,-0.038341559425622396
2024-09-12,0.14676083262204465,-0.03118436548810452,-0.09363777497520227,0.09296867592195046
2024-09-13,0.11871976457174101,-0.19172853530438858,0.00442677907518658,0.056826757790510524
2024-09-18,-0.3803088519657575,0.17130889302177701,-0.10725268217248117,-0.1226623109643956
2024-09-19,0.12530322756602894,-0.004716738595622317,-0.08475998037170676,0.13083555837972505
2024-09-20,0.0978582121924064,0.1351450391597599,-0.04012449626613552,0.12758679646424903
2024-09-23,-0.35396940037613356,0.19324276151259245,0.10875855745448358,0.08267282871715907
2024-09-24,0.033223843022874844,0.05603449608565588,-0.20828334336288562,-0.047290235365602826
2024-09-25,-0.12368448264667463,-0.20737714529660842,0.1226788105982737,-0.0462222442088214
2024-09-26,-0.023023028410578152,-0.4226500154371767,0.3499518813023259,0.04656405924864593
2024-09-27,0.25707300370991865,-0.4904061461876161,0.5009482889932612,-0.08855926720340683
2024-09-30,0.5471927810533604,-0.6037680061426148,0.6747024016750487,0.03194406782150745
2024-10-08,-0.18482576536267814,0.2300073368831786,-0.24714082599988646,0.1348543479415963
2024-10-09,-0.5453009307317875,0.6471309603301056,-0.5136656463127645,0.03478761343569189
2024-10-10,-0.27847138670915206,0.39241985091876436,-0.4524452922104597,0.006756078866871664
2024-10-11,0.0038546234906210873,-0.0997622064197037,0.015684899019351287,0.12176944905712707
2024-10-14,-0.061362662716440315,0.16382814971879453,-0.14589090836537583,-0.0586251280736253
2024-10-15,-0.19412889773673375,0.3265752047435313,-0.4994344703412586,-0.09832247905655009
2024-10-16,0.17621244356287552,-0.17621584450273658,0.17079610674013843,0.19474393813651172
2024-10-17,0.2337862125632728,-0.41421659709517655,0.6732966468269489,0.15334038768064556
2024-10-18,0.007648257687766044,-0.15736710208508634,0.29058005730357966,-0.01334687058090664
2024-10-21,-0.24019984760497007,0.2499984697279852,-0.11473081501626554,-0.05393406040869966
2024-10-22,-0.2777202573121404,0.2880528574346242,-0.2225665011593508,-0.22564097797978613
2024-10-23,-0.020635834932981757,0.12647886088204813,-0.11943367823223719,-0.0608153461781446
2024-10-24,0.160371102035787,-0.22148109335446547,0.43189800611782275,-0.039585864675598326
2024-10-25,-0.11703008082884027,0.09926771315969922,0.024133046788280096,-0.08600233587394522
2024-10-28,-0.09612495564048974,0.1827012915216622,-0.30405959482123623,0.12710048392428866
2024-10-29,-0.08796767870564365,0.05725232580433021,-0.08586291482796625,0.033886469402980596
2024-10-30,0.20156142535903002,-0.30898954313466603,0.3194982900222485,0.16559842016445467
2024-10-31,-0.4592639382032291,0.6208012704608507,-0.579091040886111,-0.25238812529918936
2024-11-01,0.23418612777486225,-0.21583634937341986,0.3758141848790351,0.15848072037795802
2024-11-04,0.5215676089535306,-0.35581462112976914,0.6698219748424329,0.36613507155849995
2024-11-05,0.017066416017603194,-0.0769074324044109,0.080714372753391,-0.08575670211948085
2024-11-06,0.1317796896453435,0.17508986451900757,0.03788818666627069,-0.0034070075430085215
2024-11-07,-0.09793232951411257,0.14745125181215285,0.06935040167397022,-0.04702687555950822
2024-11-08,0.3116726603772843,-0.30688966385747174,0.4061447181226843,0.20106068040031913
2024-11-11,-0.3035330666556803,0.2303790632029449,-0.24087051640111004,-0.24003184196923508
2024-11-12,-0.13477095308925766,0.24915527114705074,-0.10142279506683835,-0.005581984650217168
2024-11-13,-0.46339036858698246,0.565834642033622,-0.5504444233334889,-0.282792361128932
2024-11-14,-0.5829500534959802,0.450304743931838,-0.6253114013386089,-0.4127856970813952
2024-11-15,-0.45597996881299896,0.23892419844170806,-0.5809665116777895,-0.33030950312431506
2024-11-18,0.4022736548158387,0.08822950581981531,0.5024248841515062,0.23246329231522883
2024-11-19,-0.001252095001054531,0.009364863389814052,0.08203489723406733,-0.04075884406275937
2024-11-20,-0.015199118723925856,-0.07251977813489102,-0.04620502162282587,-0.026090841711446964
2024-11-21,-0.4212419385026629,0.11760826146586285,-0.42686590716937955,-0.1950961206870165
2024-11-22,-0.00015848467789045465,-0.09969707657147207,-0.13652423376107586,-0.23203585245838823
2024-11-25,-0.21990964224001405,0.11697223345024602,-0.25438559104608693,-0.0899825551472962
2024-11-26,0.38835400952445,-0.01596287082272676,0.5086957448371625,0.2060508127334797
2024-11-27,-0.08152631509405077,-0.12084279994833123,-0.21316525436339778,-0.14958126304768332
2024-11-28,0.4942801963298265,0.08106127562559319,0.568837624061551,0.24247709883476498
2024-11-29,0.07768228521530932,0.11763048062332386,0.266146313418856,0.06770306533532332
2024-12-02,-0.39471927039407473,0.24374329512429863,-0.5077788427104645,-0.3020157175594947
2024-12-03,-0.38255424860576315,0.0054040284722616135,-0.38467373306870045,-0.10072924731448099
2024-12-04,0.33787642507856636,-0.033793401484264594,0.32133044131457417,0.17437203641706583
2024-12-05,0.02413261305970386,0.25343438204708857,0.028710504323054175,0.08980316722693553
2024-12-06,-0.37335414107079257,-0.34044342426262625,-0.27435717040550145,-0.24446921340062322
2024-12-09,0.15377912879311184,0.27837514379516193,-0.07294286468155325,0.11733036951325901
2024-12-10,-0.20301943845293702,0.18386600671150954,-0.10803359900548226,-0.20992660906436333
2024-12-11,-0.05757864771581,0.1616339085123419,-0.17662551909540705,0.01512570041628943
2024-12-12,-0.30817395026649747,-0.24089160802693904,-0.19266311208231934,-0.20857247120171243
2024-12-13,-0.3622643169299357,-0.125266337009652,-0.3926858240004261,-0.109225623854364
2024-12-16,-0.19074043822500286,0.19544913280551196,-0.10671540744187168,0.07306785738906744
2024-12-17,0.11155973862434064,-0.11828871111385383,-0.12127929579905908,0.08487290185615205
2024-12-18,0.2847975545890632,0.09684196731630075,0.21363268546964737,0.30684470656363916
2024-12-19,0.4535883184593963,-0.05623937763364853,0.26587924380008365,0.13419639379883608
2024-12-20,-0.4417410327546954,0.0467700983946618,-0.3959669229786591,-0.10120985897881508
2024-12-23,0.039775159385785845,0.03512568559317977,-0.011042777019318535,-0.03173561646001144
2024-12-24,-0.1343023993530952,-0.21038436623264573,-0.13513468946095528,0.0006559380486822385
2024-12-25,0.2871130390650852,-0.08292060075344221,0.35225382970685254,0.3118753342714933
2024-12-26,-0.14604565421219048,0.17347725299842506,-0.26071241218560454,-0.2213269263533606
2024-12-27,0.046245103238747094,-0.23470226862784732,-0.16942620586523324,-0.016922191289582986
2024-12-30,-0.2575949143134941,-0.17176119125421543,-0.2933668690198449,-0.29328945783314964
2024-12-31,,,,
